,Date,Channel,Username,Message,Tag_owner,Cleanest_message,Scores
0,2023-01-28 23:18:22,esfandtv ,hellyeahbaby,hell yeah baby,0,hell yeah,"{'neg': 0.59, 'neu': 0.128, 'pos': 0.282, 'compound': -0.5267}"
1,2023-01-28 23:18:23,esfandtv ,grannynonny,"then there was a game with a hallway and a big old room, likea huanted house or castle, basement of horrors, that was good too",0,good,"{'neg': 0.125, 'neu': 0.777, 'pos': 0.098, 'compound': -0.2023}"
2,2023-01-28 23:18:28,esfandtv ,teleprompte,thanks for streaming esfand,0,thank,"{'neg': 0.0, 'neu': 0.508, 'pos': 0.492, 'compound': 0.4404}"
3,2023-01-28 23:18:38,esfandtv ,leysfort,ok bye esfand,0,ok,"{'neg': 0.0, 'neu': 0.476, 'pos': 0.524, 'compound': 0.296}"
4,2023-01-28 23:18:50,esfandtv ,grannynonny,esfand plays a lot of horror,0,play horror,"{'neg': 0.381, 'neu': 0.412, 'pos': 0.206, 'compound': -0.4019}"
5,2023-01-28 23:18:59,esfandtv ,thegummibearmassacre,d:,0,D:,"{'neg': 0.0, 'neu': 0.0, 'pos': 1.0, 'compound': 0.296}"
6,2023-01-28 23:19:00,esfandtv ,kfoo_,you're fine,0,fine,"{'neg': 0.0, 'neu': 0.357, 'pos': 0.643, 'compound': 0.2023}"
7,2023-01-28 23:19:02,esfandtv ,genisyys_,you made him upset d:,0,upset D:,"{'neg': 0.333, 'neu': 0.385, 'pos': 0.282, 'compound': -0.1027}"
8,2023-01-28 23:19:04,esfandtv ,fozenoh,monkaw,0,monkaW,"{'neg': 1.0, 'neu': 0.0, 'pos': 0.0, 'compound': -0.6124}"
9,2023-01-28 23:19:09,esfandtv ,daunted_mist,omegalul,0,OMEGALUL,"{'neg': 0.0, 'neu': 0.0, 'pos': 1.0, 'compound': 0.4588}"
10,2023-01-28 23:19:12,esfandtv ,rakleson,get out of here see if i care peeposad,0,care peepoSad,"{'neg': 0.282, 'neu': 0.493, 'pos': 0.225, 'compound': -0.2023}"
11,2023-01-28 23:19:17,esfandtv ,waffleboiiii,lulw,0,LULW,"{'neg': 0.0, 'neu': 0.0, 'pos': 1.0, 'compound': 0.4588}"
12,2023-01-28 23:19:25,esfandtv ,supibot,"heechulized, your daily cookie: this is a fantastic day for you. you'll have a great deal of physical power.",0,great,"{'neg': 0.0, 'neu': 0.688, 'pos': 0.312, 'compound': 0.8271}"
13,2023-01-28 23:19:41,esfandtv ,supibot,"angeltwothree, your daily cookie: everything has beauty but not everyone sees it.",0,ha,"{'neg': 0.0, 'neu': 0.821, 'pos': 0.179, 'compound': 0.34}"
14,2023-01-28 23:19:49,esfandtv ,supibot,"spitfiremkxiv, your daily cookie: it's a day of challenges. you're a pro at questioning yourself, as you'll prove today when you take a hard look at your accomplishments.",0,hard,"{'neg': 0.096, 'neu': 0.859, 'pos': 0.045, 'compound': -0.128}"
15,2023-01-28 23:19:56,esfandtv ,duskatdawn117,esfand :),0,:),"{'neg': 0.0, 'neu': 0.25, 'pos': 0.75, 'compound': 0.4588}"
16,2023-01-28 23:19:57,esfandtv ,kngrsm,nvidia broadcast has some cool features definitely worth checking out but probably best to watch some youtube howtos before,0,ha cool worth best,"{'neg': 0.0, 'neu': 0.583, 'pos': 0.417, 'compound': 0.8674}"
17,2023-01-28 23:20:08,esfandtv ,koominator,lul lul,0,LUL,"{'neg': 0.0, 'neu': 0.0, 'pos': 1.0, 'compound': 0.9001}"
18,2023-01-28 23:20:27,esfandtv ,angeltwothree,lul,0,LUL,"{'neg': 0.0, 'neu': 0.0, 'pos': 1.0, 'compound': 0.7184}"
19,2023-01-28 23:20:35,esfandtv ,vanguard771,if nvidia broadcast blocks out background noise does that mean we won't hear bonnie anymore?,0,block,"{'neg': 0.119, 'neu': 0.881, 'pos': 0.0, 'compound': -0.2263}"
20,2023-01-28 23:20:36,esfandtv ,3b0ne,stare stop,0,stop,"{'neg': 0.688, 'neu': 0.312, 'pos': 0.0, 'compound': -0.296}"
21,2023-01-28 23:20:54,esfandtv ,grannynonny,now that's gonna nag at me.. that game he could play again and i wouldn't mind...,0,nag play,"{'neg': 0.132, 'neu': 0.741, 'pos': 0.127, 'compound': -0.0258}"
22,2023-01-28 23:21:12,esfandtv ,rakleson,nice nuts,0,nice,"{'neg': 0.451, 'neu': 0.0, 'pos': 0.549, 'compound': 0.128}"
23,2023-01-28 23:21:17,esfandtv ,genisyys_,what are you playing after deadspace? pause,0,play,"{'neg': 0.0, 'neu': 0.769, 'pos': 0.231, 'compound': 0.2023}"
24,2023-01-28 23:21:41,esfandtv ,jatnutt,"nvm, i want the background",0,want,"{'neg': 0.0, 'neu': 0.755, 'pos': 0.245, 'compound': 0.0772}"
25,2023-01-28 23:21:41,esfandtv ,vanguard771,new game pog,0,pog,"{'neg': 0.0, 'neu': 0.4, 'pos': 0.6, 'compound': 0.4588}"
26,2023-01-28 23:22:09,esfandtv ,thegummibearmassacre,dead space pog,0,dead pog,"{'neg': 0.518, 'neu': 0.12, 'pos': 0.361, 'compound': -0.3182}"
27,2023-01-28 23:22:11,esfandtv ,retpaladinbot,action 5x pog combo,0,pog,"{'neg': 0.0, 'neu': 0.5, 'pos': 0.5, 'compound': 0.4588}"
28,2023-01-28 23:22:11,esfandtv ,nurse_coop,@esfandtv did you purchase the new razer hand held?,1,hand,"{'neg': 0.0, 'neu': 0.714, 'pos': 0.286, 'compound': 0.4939}"
29,2023-01-28 23:22:12,esfandtv ,jatnutt,hi youtube type pog,0,pog,"{'neg': 0.0, 'neu': 0.5, 'pos': 0.5, 'compound': 0.4588}"
30,2023-01-28 23:22:12,esfandtv ,shonuff_,pog youtube,0,pog,"{'neg': 0.0, 'neu': 0.25, 'pos': 0.75, 'compound': 0.4588}"
31,2023-01-28 23:22:12,esfandtv ,fozenoh,hi youtube type pog,0,pog,"{'neg': 0.0, 'neu': 0.5, 'pos': 0.5, 'compound': 0.4588}"
32,2023-01-28 23:22:13,esfandtv ,soaringturkeyvulture,i just booted up wow and thought those noises were my game... where the hell did i log off lul,0,wow hell LUL,"{'neg': 0.151, 'neu': 0.559, 'pos': 0.289, 'compound': 0.6369}"
33,2023-01-28 23:22:14,esfandtv ,angelito0023,pog :middle_finger: sup yt,0,pog :middle_finger:,"{'neg': 0.0, 'neu': 0.5, 'pos': 0.5, 'compound': 0.4588}"
34,2023-01-28 23:22:16,esfandtv ,3b0ne,hi yt pog,0,pog,"{'neg': 0.0, 'neu': 0.4, 'pos': 0.6, 'compound': 0.4588}"
35,2023-01-28 23:22:17,esfandtv ,nicholasw458,frick youtube pog,0,pog,"{'neg': 0.429, 'neu': 0.143, 'pos': 0.429, 'compound': 0.0}"
36,2023-01-28 23:22:18,esfandtv ,willdragons,pog hi youtube,0,pog,"{'neg': 0.0, 'neu': 0.4, 'pos': 0.6, 'compound': 0.4588}"
37,2023-01-28 23:22:22,esfandtv ,tebb_e,hi pog type youtube,0,pog,"{'neg': 0.0, 'neu': 0.5, 'pos': 0.5, 'compound': 0.4588}"
38,2023-01-28 23:22:33,esfandtv ,jaredclt,dicks youtube,0,dick,"{'neg': 0.0, 'neu': 1.0, 'pos': 0.0, 'compound': 0.0}"
39,2023-01-28 23:22:40,esfandtv ,juiceboxjam912,"i didn't get notifications from twitch that you went live, thank god for discord tho",0,thank god discord,"{'neg': 0.14, 'neu': 0.622, 'pos': 0.238, 'compound': 0.2263}"
40,2023-01-28 23:22:40,esfandtv ,gillyp01,kreygasm,0,Kreygasm,"{'neg': 0.0, 'neu': 0.0, 'pos': 1.0, 'compound': 0.6124}"
41,2023-01-28 23:22:43,esfandtv ,azoth83,u also spent an hour missing the enter key,0,miss,"{'neg': 0.216, 'neu': 0.784, 'pos': 0.0, 'compound': -0.296}"
42,2023-01-28 23:22:43,esfandtv ,god_is_a_cat_girl,"if you setup to turn on/off easily maybe it can be used only at certain times like when it's super windy. i mean, elgato does have stream deck on phone (and it kinda sucks?)",0,certain like super,"{'neg': 0.052, 'neu': 0.689, 'pos': 0.259, 'compound': 0.8268}"
43,2023-01-28 23:23:01,esfandtv ,battlealpaca,is start if stream gone forever i wanted to vod frog recap for my post frick @esfandtv,1,want,"{'neg': 0.158, 'neu': 0.842, 'pos': 0.0, 'compound': -0.4588}"
44,2023-01-28 23:23:01,esfandtv ,tebb_e,lul,0,LUL,"{'neg': 0.0, 'neu': 0.0, 'pos': 1.0, 'compound': 0.7184}"
45,2023-01-28 23:23:05,esfandtv ,azoth83,lulw,0,LULW,"{'neg': 0.0, 'neu': 0.0, 'pos': 1.0, 'compound': 0.4588}"
46,2023-01-28 23:23:06,esfandtv ,unioneagle7,i remember being scared playing this hack when it eas released on ps3,0,scare play,"{'neg': 0.185, 'neu': 0.701, 'pos': 0.115, 'compound': -0.2732}"
47,2023-01-28 23:23:07,esfandtv ,muckspreads,e for enter lul,0,lug,"{'neg': 0.0, 'neu': 0.375, 'pos': 0.625, 'compound': 0.7184}"
48,2023-01-28 23:23:10,esfandtv ,zellitan,kappa error,0,Kappa error,"{'neg': 1.0, 'neu': 0.0, 'pos': 0.0, 'compound': -0.6908}"
49,2023-01-28 23:23:20,esfandtv ,koominator,nope :),0,:),"{'neg': 0.713, 'neu': 0.287, 'pos': 0.0, 'compound': -0.357}"
50,2023-01-28 23:23:22,esfandtv ,zellitan,e for error kapp,0,error,"{'neg': 0.474, 'neu': 0.526, 'pos': 0.0, 'compound': -0.4019}"
51,2023-01-28 23:23:23,esfandtv ,govncheese,they don’t play their games like they say they do,0,play like,"{'neg': 0.0, 'neu': 0.62, 'pos': 0.38, 'compound': 0.5994}"
52,2023-01-28 23:23:25,esfandtv ,god_is_a_cat_girl,played on this,0,play,"{'neg': 0.0, 'neu': 0.455, 'pos': 0.545, 'compound': 0.34}"
53,2023-01-28 23:23:27,esfandtv ,sir_rekt,i guess nobody played with mouse and keyboard that far into the game,0,play,"{'neg': 0.0, 'neu': 0.833, 'pos': 0.167, 'compound': 0.34}"
54,2023-01-28 23:23:28,esfandtv ,angeltwothree,"because they barely qa test anymore, they just wait for players to report bugs lul @esfandtv",0,LUL,"{'neg': 0.0, 'neu': 0.75, 'pos': 0.25, 'compound': 0.7184}"
55,2023-01-28 23:23:28,esfandtv ,sethyrin,imagine gaming on mouse and keyboard kappa,0,Kappa,"{'neg': 0.333, 'neu': 0.667, 'pos': 0.0, 'compound': -0.4588}"
56,2023-01-28 23:23:30,esfandtv ,bryan_505,they probably played on pc with controller,0,play,"{'neg': 0.0, 'neu': 0.714, 'pos': 0.286, 'compound': 0.34}"
57,2023-01-28 23:23:30,esfandtv ,vanguard771,keyboard dansgame,0,dangan,"{'neg': 0.0, 'neu': 1.0, 'pos': 0.0, 'compound': 0.0}"
58,2023-01-28 23:23:39,esfandtv ,viralostrich,devs dont have time to play games,0,play,"{'neg': 0.0, 'neu': 0.714, 'pos': 0.286, 'compound': 0.34}"
59,2023-01-28 23:24:03,esfandtv ,kngrsm,the lighting looks so good,0,good,"{'neg': 0.0, 'neu': 0.517, 'pos': 0.483, 'compound': 0.5777}"
60,2023-01-28 23:24:09,esfandtv ,tebb_e,lulw,0,LULW,"{'neg': 0.0, 'neu': 0.0, 'pos': 1.0, 'compound': 0.4588}"
61,2023-01-28 23:24:10,esfandtv ,koominator,"because ""final playtester"" would be too good of a job and they dont want to pay em to play games lulw",0,good want pay play LULW,"{'neg': 0.046, 'neu': 0.597, 'pos': 0.358, 'compound': 0.8113}"
62,2023-01-28 23:24:20,esfandtv ,thegummibearmassacre,monkaw,0,monkaW,"{'neg': 1.0, 'neu': 0.0, 'pos': 0.0, 'compound': -0.6124}"
63,2023-01-28 23:24:25,esfandtv ,daunted_mist,monkas,0,monkaS,"{'neg': 1.0, 'neu': 0.0, 'pos': 0.0, 'compound': -0.6124}"
64,2023-01-28 23:24:28,esfandtv ,apraxic___giraffe,@esfandtv do you like tuna?,0,like,"{'neg': 0.0, 'neu': 0.615, 'pos': 0.385, 'compound': 0.3612}"
65,2023-01-28 23:24:51,esfandtv ,puka_,"hey esfand, can i snort your armpit sweat? :)",0,:),"{'neg': 0.0, 'neu': 0.727, 'pos': 0.273, 'compound': 0.4588}"
66,2023-01-28 23:25:37,esfandtv ,koominator,yep,0,yep,"{'neg': 0.0, 'neu': 0.0, 'pos': 1.0, 'compound': 0.296}"
67,2023-01-28 23:25:44,esfandtv ,daunted_mist,lul,0,LUL,"{'neg': 0.0, 'neu': 0.0, 'pos': 1.0, 'compound': 0.7184}"
68,2023-01-28 23:25:49,esfandtv ,vanguard771,good point mr. game journalist,0,good,"{'neg': 0.0, 'neu': 0.58, 'pos': 0.42, 'compound': 0.4404}"
69,2023-01-28 23:25:50,esfandtv ,grannynonny,"@fozenoh yep i had to look it up though! lul did esfand ever play outlast? i can't remember, but dark descent i remember super well",0,yep LUL play super well,"{'neg': 0.0, 'neu': 0.578, 'pos': 0.422, 'compound': 0.9273}"
70,2023-01-28 23:25:57,esfandtv ,danielsauces,human music..... i like it,0,like,"{'neg': 0.0, 'neu': 0.615, 'pos': 0.385, 'compound': 0.3612}"
71,2023-01-28 23:25:58,esfandtv ,koominator,yep sudden change of tide,0,yep,"{'neg': 0.0, 'neu': 0.645, 'pos': 0.355, 'compound': 0.296}"
72,2023-01-28 23:26:03,esfandtv ,asteriamateria,yep,0,yep,"{'neg': 0.0, 'neu': 0.0, 'pos': 1.0, 'compound': 0.296}"
73,2023-01-28 23:26:14,esfandtv ,angeltwothree,@esfandtv the dead space anime movies,0,dead,"{'neg': 0.462, 'neu': 0.538, 'pos': 0.0, 'compound': -0.6486}"
74,2023-01-28 23:26:27,esfandtv ,komandantmirko,tell him this isn't the time to lose his head 4head,0,lose,"{'neg': 0.213, 'neu': 0.787, 'pos': 0.0, 'compound': -0.4019}"
75,2023-01-28 23:26:39,esfandtv ,bryan_505,d:,0,D:,"{'neg': 0.0, 'neu': 0.0, 'pos': 1.0, 'compound': 0.296}"
76,2023-01-28 23:26:39,esfandtv ,daunted_mist,d:,0,D:,"{'neg': 0.0, 'neu': 0.0, 'pos': 1.0, 'compound': 0.296}"
77,2023-01-28 23:26:40,esfandtv ,jaylue_,yea theres dead space downfall and aftermath,0,dead,"{'neg': 0.417, 'neu': 0.583, 'pos': 0.0, 'compound': -0.6486}"
78,2023-01-28 23:26:41,esfandtv ,govncheese,he got bitched,0,bitch,"{'neg': 0.643, 'neu': 0.357, 'pos': 0.0, 'compound': -0.5574}"
79,2023-01-28 23:26:48,esfandtv ,daunted_mist,oh shit,0,shit,"{'neg': 0.783, 'neu': 0.217, 'pos': 0.0, 'compound': -0.5574}"
80,2023-01-28 23:26:49,esfandtv ,p1utofm,monkaw,0,monkaW,"{'neg': 1.0, 'neu': 0.0, 'pos': 0.0, 'compound': -0.6124}"
81,2023-01-28 23:26:50,esfandtv ,macvane,its on drugs monkaw,0,monkaW,"{'neg': 0.571, 'neu': 0.429, 'pos': 0.0, 'compound': -0.6124}"
82,2023-01-28 23:26:52,esfandtv ,fozenoh,grannynonny hmm im not sure. im only recently active frog sadge,0,Sadge,"{'neg': 0.358, 'neu': 0.48, 'pos': 0.162, 'compound': -0.5043}"
83,2023-01-28 23:26:57,esfandtv ,fozenoh,clickers monkaw,0,monkaW,"{'neg': 0.8, 'neu': 0.2, 'pos': 0.0, 'compound': -0.6124}"
84,2023-01-28 23:27:04,esfandtv ,thegummibearmassacre,monkaw,0,monkaW,"{'neg': 1.0, 'neu': 0.0, 'pos': 0.0, 'compound': -0.6124}"
85,2023-01-28 23:27:05,esfandtv ,genisyys_,new mutation monkaw,0,monkaW,"{'neg': 0.667, 'neu': 0.333, 'pos': 0.0, 'compound': -0.6124}"
86,2023-01-28 23:27:15,esfandtv ,mahangm,lulw,0,LULW,"{'neg': 0.0, 'neu': 0.0, 'pos': 1.0, 'compound': 0.4588}"
87,2023-01-28 23:27:16,esfandtv ,netnomad,lul clearly not play tested,0,LUL play,"{'neg': 0.173, 'neu': 0.17, 'pos': 0.656, 'compound': 0.7693}"
88,2023-01-28 23:27:37,esfandtv ,netnomad,looked like a killer7 enemy glitching out there,0,like,"{'neg': 0.292, 'neu': 0.5, 'pos': 0.208, 'compound': -0.25}"
89,2023-01-28 23:27:40,esfandtv ,gizimoo86,game looks pretty good,0,good,"{'neg': 0.0, 'neu': 0.247, 'pos': 0.753, 'compound': 0.7269}"
90,2023-01-28 23:27:42,esfandtv ,wiiiie_dynamite,nah hes kidding,0,nah,"{'neg': 0.368, 'neu': 0.263, 'pos': 0.368, 'compound': 0.0}"
91,2023-01-28 23:27:47,esfandtv ,mahangm,they're annoying af pepelaugh,0,annoy,"{'neg': 0.351, 'neu': 0.26, 'pos': 0.39, 'compound': 0.0772}"
92,2023-01-28 23:27:48,esfandtv ,macvane,space marines yep,0,yep,"{'neg': 0.0, 'neu': 0.476, 'pos': 0.524, 'compound': 0.296}"
93,2023-01-28 23:28:14,esfandtv ,danielsauces,its kinda cool that there is a narrative reason why enemies are harder. but still the same,0,cool,"{'neg': 0.113, 'neu': 0.806, 'pos': 0.081, 'compound': -0.1522}"
94,2023-01-28 23:28:16,esfandtv ,arcsilin,@esfandtv yeah theyre called dead space : down fall & dead space : aftermath,0,yeah dead,"{'neg': 0.394, 'neu': 0.505, 'pos': 0.101, 'compound': -0.8126}"
95,2023-01-28 23:28:24,esfandtv ,mahangm,this is such a good remake feelsstrongman,0,good,"{'neg': 0.388, 'neu': 0.388, 'pos': 0.225, 'compound': -0.4767}"
96,2023-01-28 23:28:37,esfandtv ,supibot,"@felipells is no longer afk: gym donkwalk xar2edm can't be stopped (1h, 20m ago)",0,stop,"{'neg': 0.139, 'neu': 0.756, 'pos': 0.105, 'compound': -0.1366}"
97,2023-01-28 23:28:56,esfandtv ,puka_,d:,0,D:,"{'neg': 0.0, 'neu': 0.0, 'pos': 1.0, 'compound': 0.296}"
98,2023-01-28 23:28:59,esfandtv ,thegummibearmassacre,d:,0,D:,"{'neg': 0.0, 'neu': 0.0, 'pos': 1.0, 'compound': 0.296}"
99,2023-01-28 23:29:04,esfandtv ,macvane,esfando sure,0,sure,"{'neg': 0.0, 'neu': 0.303, 'pos': 0.697, 'compound': 0.3182}"
100,2023-01-28 23:29:04,esfandtv ,pstar1,thanks for letting us know there's evil aliens,0,thank evil,"{'neg': 0.331, 'neu': 0.451, 'pos': 0.218, 'compound': -0.3612}"
101,2023-01-28 23:29:08,esfandtv ,grannynonny,stress relief? lul,0,stress LUL,"{'neg': 0.257, 'neu': 0.0, 'pos': 0.743, 'compound': 0.743}"
102,2023-01-28 23:29:09,esfandtv ,rakleson,has he screamed like a small child yet?,0,ha scream like,"{'neg': 0.213, 'neu': 0.556, 'pos': 0.231, 'compound': 0.0516}"
103,2023-01-28 23:29:10,esfandtv ,waffleboiiii,lulw,0,LULW,"{'neg': 0.0, 'neu': 0.0, 'pos': 1.0, 'compound': 0.4588}"
104,2023-01-28 23:29:17,esfandtv ,mahangm,"aftermath was weird, they had 10 different design styles for it lulw",0,LULW,"{'neg': 0.116, 'neu': 0.68, 'pos': 0.204, 'compound': 0.3182}"
105,2023-01-28 23:29:25,esfandtv ,koominator,lul lul true @grannynonny,0,LUL true,"{'neg': 0.0, 'neu': 0.072, 'pos': 0.928, 'compound': 0.93}"
106,2023-01-28 23:29:25,esfandtv ,redshock_0,lulw,0,LULW,"{'neg': 0.0, 'neu': 0.0, 'pos': 1.0, 'compound': 0.4588}"
107,2023-01-28 23:29:26,esfandtv ,aleystergaming,lul,0,LUL,"{'neg': 0.0, 'neu': 0.0, 'pos': 1.0, 'compound': 0.7184}"
108,2023-01-28 23:29:27,esfandtv ,p1utofm,omegalul,0,OMEGALUL,"{'neg': 0.0, 'neu': 0.0, 'pos': 1.0, 'compound': 0.4588}"
109,2023-01-28 23:29:30,esfandtv ,grannynonny,lul,0,LUL,"{'neg': 0.0, 'neu': 0.0, 'pos': 1.0, 'compound': 0.7184}"
110,2023-01-28 23:29:31,esfandtv ,angeltwothree,@mahangm yeah same with the dantes inferno anime movie,0,yeah,"{'neg': 0.0, 'neu': 0.784, 'pos': 0.216, 'compound': 0.296}"
111,2023-01-28 23:29:31,esfandtv ,kngrsm,omegalul,0,OMEGALUL,"{'neg': 0.0, 'neu': 0.0, 'pos': 1.0, 'compound': 0.4588}"
112,2023-01-28 23:29:33,esfandtv ,muckspreads,omegalul,0,OMEGALUL,"{'neg': 0.0, 'neu': 0.0, 'pos': 1.0, 'compound': 0.4588}"
113,2023-01-28 23:29:33,esfandtv ,daunted_mist,youre scaring me,0,scare,"{'neg': 0.592, 'neu': 0.408, 'pos': 0.0, 'compound': -0.4404}"
114,2023-01-28 23:29:38,esfandtv ,sir_rekt,lul,0,LUL,"{'neg': 0.0, 'neu': 0.0, 'pos': 1.0, 'compound': 0.7184}"
115,2023-01-28 23:29:40,esfandtv ,vanguard771,lul,0,LUL,"{'neg': 0.0, 'neu': 0.0, 'pos': 1.0, 'compound': 0.7184}"
116,2023-01-28 23:29:41,esfandtv ,arcsilin,i hate those things man lul,0,hate LUL,"{'neg': 0.291, 'neu': 0.315, 'pos': 0.394, 'compound': 0.3182}"
117,2023-01-28 23:30:17,esfandtv ,daunted_mist,monkas,0,monkaS,"{'neg': 1.0, 'neu': 0.0, 'pos': 0.0, 'compound': -0.6124}"
118,2023-01-28 23:30:28,esfandtv ,mahangm,wtf monkaomega,0,wif,"{'neg': 0.792, 'neu': 0.208, 'pos': 0.0, 'compound': -0.5859}"
119,2023-01-28 23:30:31,esfandtv ,zellitan,monkaw chat hold me,0,monkaW,"{'neg': 0.571, 'neu': 0.429, 'pos': 0.0, 'compound': -0.6124}"
120,2023-01-28 23:30:31,esfandtv ,ogsheen,hey esfand you still play wotlk sometime?,0,play,"{'neg': 0.0, 'neu': 0.714, 'pos': 0.286, 'compound': 0.34}"
121,2023-01-28 23:30:41,esfandtv ,waffleboiiii,lulw,0,LULW,"{'neg': 0.0, 'neu': 0.0, 'pos': 1.0, 'compound': 0.4588}"
122,2023-01-28 23:30:42,esfandtv ,xhashbanditx,ez 8.1,0,EZ,"{'neg': 0.0, 'neu': 0.286, 'pos': 0.714, 'compound': 0.3612}"
123,2023-01-28 23:30:43,esfandtv ,miraclealiengravity,thank you esfand!,0,thank,"{'neg': 0.0, 'neu': 0.417, 'pos': 0.583, 'compound': 0.4199}"
124,2023-01-28 23:30:46,esfandtv ,grannynonny,wotlk made paladins all horrid. i dount he'll play,0,play,"{'neg': 0.271, 'neu': 0.543, 'pos': 0.186, 'compound': -0.2732}"
125,2023-01-28 23:30:52,esfandtv ,grannynonny,doubt,0,doubt,"{'neg': 1.0, 'neu': 0.0, 'pos': 0.0, 'compound': -0.3612}"
126,2023-01-28 23:30:52,esfandtv ,jpoo_,dono pog,0,pog,"{'neg': 0.0, 'neu': 0.25, 'pos': 0.75, 'compound': 0.4588}"
127,2023-01-28 23:30:57,esfandtv ,kaboom_info,drake good job,0,good,"{'neg': 0.0, 'neu': 0.408, 'pos': 0.592, 'compound': 0.4404}"
128,2023-01-28 23:31:00,esfandtv ,waffleboiiii,pog dono,0,pog,"{'neg': 0.0, 'neu': 0.25, 'pos': 0.75, 'compound': 0.4588}"
129,2023-01-28 23:31:04,esfandtv ,serapis_ammon,hell yeah buddy,0,hell yeah,"{'neg': 0.59, 'neu': 0.128, 'pos': 0.282, 'compound': -0.5267}"
130,2023-01-28 23:31:06,esfandtv ,niivid,nice dude,0,nice,"{'neg': 0.0, 'neu': 0.263, 'pos': 0.737, 'compound': 0.4215}"
131,2023-01-28 23:31:37,esfandtv ,grannynonny,@ogsheen no seal twisting and ret dps is awful sadge,0,Sadge,"{'neg': 0.568, 'neu': 0.432, 'pos': 0.0, 'compound': -0.8481}"
132,2023-01-28 23:31:46,esfandtv ,supibot,"yippykaiyay322, you already opened or gifted a fortune cookie today. you can get another one at midnight utc, which is in 4h, 28m.",0,gift,"{'neg': 0.0, 'neu': 1.0, 'pos': 0.0, 'compound': 0.0}"
133,2023-01-28 23:31:53,esfandtv ,supibot,"yippykaiyay322, your aries horoscope for today: positive thinking can change the world, and you could do with some today. no matter how tough the going gets, take it in your stride, says ganesha. if you think you can do it, you will. you have the magic touch today to initiate a new business strategy.",0,matter tough,"{'neg': 0.045, 'neu': 0.892, 'pos': 0.063, 'compound': 0.4635}"
134,2023-01-28 23:31:59,esfandtv ,arcsilin,prot is good tho lol,0,good lol,"{'neg': 0.0, 'neu': 0.275, 'pos': 0.725, 'compound': 0.836}"
135,2023-01-28 23:32:06,esfandtv ,atrickee_,easy! you filthy casual @esfandtv,0,casual,"{'neg': 0.0, 'neu': 0.375, 'pos': 0.625, 'compound': 0.6114}"
136,2023-01-28 23:32:19,esfandtv ,supibot,"bogusbutt, your daily cookie: you will be rewarded for being a good listener in the next week.",0,reward good,"{'neg': 0.0, 'neu': 0.711, 'pos': 0.289, 'compound': 0.7269}"
137,2023-01-28 23:32:22,esfandtv ,arcsilin,and ret is good in last phase,0,good,"{'neg': 0.0, 'neu': 0.674, 'pos': 0.326, 'compound': 0.4404}"
138,2023-01-28 23:32:23,esfandtv ,devilcecil,i could have saved you earlier,0,save,"{'neg': 0.0, 'neu': 0.641, 'pos': 0.359, 'compound': 0.4215}"
139,2023-01-28 23:32:27,esfandtv ,supibot,"sweetiepie2487, your daily cookie: lend your money and lose your friend.",0,lose,"{'neg': 0.181, 'neu': 0.604, 'pos': 0.215, 'compound': 0.128}"
140,2023-01-28 23:32:34,esfandtv ,ogsheen,yeah i understand,0,yeah,"{'neg': 0.0, 'neu': 0.476, 'pos': 0.524, 'compound': 0.296}"
141,2023-01-28 23:32:38,esfandtv ,grannynonny,esfand rightfully on strike nodders,0,strike,"{'neg': 0.273, 'neu': 0.727, 'pos': 0.0, 'compound': -0.128}"
142,2023-01-28 23:32:42,esfandtv ,mahangm,dead space has 2 novels as well as far as i can remember,0,dead ha novel well,"{'neg': 0.247, 'neu': 0.632, 'pos': 0.121, 'compound': -0.4939}"
143,2023-01-28 23:32:46,esfandtv ,koominator,lulw,0,LULW,"{'neg': 0.0, 'neu': 0.0, 'pos': 1.0, 'compound': 0.4588}"
144,2023-01-28 23:32:50,esfandtv ,shonuff_,lulw,0,LULW,"{'neg': 0.0, 'neu': 0.0, 'pos': 1.0, 'compound': 0.4588}"
145,2023-01-28 23:32:50,esfandtv ,rei_u0,omegalul,0,OMEGALUL,"{'neg': 0.0, 'neu': 0.0, 'pos': 1.0, 'compound': 0.4588}"
146,2023-01-28 23:32:51,esfandtv ,bohdan_trojan,lul,0,LUL,"{'neg': 0.0, 'neu': 0.0, 'pos': 1.0, 'compound': 0.7184}"
147,2023-01-28 23:32:52,esfandtv ,sir_rekt,nuked self lul,0,LUL,"{'neg': 0.0, 'neu': 0.286, 'pos': 0.714, 'compound': 0.7184}"
148,2023-01-28 23:33:06,esfandtv ,genisyys_,wait you just wiped lulw,0,LULW,"{'neg': 0.0, 'neu': 0.571, 'pos': 0.429, 'compound': 0.4588}"
149,2023-01-28 23:33:08,esfandtv ,arcsilin,it sucks dank,0,suck,"{'neg': 0.556, 'neu': 0.444, 'pos': 0.0, 'compound': -0.3612}"
150,2023-01-28 23:33:18,esfandtv ,mahangm,shoot the nuke kkona clap,0,shoot Clap,"{'neg': 0.255, 'neu': 0.319, 'pos': 0.426, 'compound': 0.3818}"
151,2023-01-28 23:33:31,esfandtv ,arcsilin,yeah seal twisting was so fun,0,yeah fun,"{'neg': 0.0, 'neu': 0.383, 'pos': 0.617, 'compound': 0.7537}"
152,2023-01-28 23:33:34,esfandtv ,ericonda3,"seal twisting was an art, now we just spam buttons",0,spam,"{'neg': 0.217, 'neu': 0.783, 'pos': 0.0, 'compound': -0.3612}"
153,2023-01-28 23:33:35,esfandtv ,mixinsoda101,:cigarette: what's up,0,cigarette,"{'neg': 0.0, 'neu': 1.0, 'pos': 0.0, 'compound': 0.0}"
154,2023-01-28 23:33:39,esfandtv ,supibot,"angeltwothree, successfully set your birthday to april 21st.",0,success,"{'neg': 0.0, 'neu': 0.686, 'pos': 0.314, 'compound': 0.4939}"
155,2023-01-28 23:33:41,esfandtv ,thegummibearmassacre,ret sadge,0,Sadge,"{'neg': 0.8, 'neu': 0.2, 'pos': 0.0, 'compound': -0.6124}"
156,2023-01-28 23:33:42,esfandtv ,grannynonny,i didn't enjoy wrath the first time around so meh lul,0,enjoy meh LUL,"{'neg': 0.248, 'neu': 0.453, 'pos': 0.299, 'compound': 0.4421}"
157,2023-01-28 23:33:49,esfandtv ,supibot,"angeltwothree, your taurus horoscope for today: the time you previously spent on certain activities may not yield results as expected, predicts ganesha. you will be reluctant to travel today. your may find yourself wanting more space and freedom of expression. a stroll with your sweetheart, hand in hand, may be the highlight of your day, says ganesha.",0,certain want freedom hand highlight,"{'neg': 0.028, 'neu': 0.698, 'pos': 0.274, 'compound': 0.9563}"
158,2023-01-28 23:34:03,esfandtv ,mahangm,monkas,0,monkaS,"{'neg': 1.0, 'neu': 0.0, 'pos': 0.0, 'compound': -0.6124}"
159,2023-01-28 23:34:05,esfandtv ,fuzzybeard90,chat im scared peepos,0,scare,"{'neg': 0.492, 'neu': 0.508, 'pos': 0.0, 'compound': -0.4404}"
160,2023-01-28 23:34:10,esfandtv ,mahangm,dont shoot their thingy monkas,0,shoot monkaS,"{'neg': 0.443, 'neu': 0.332, 'pos': 0.225, 'compound': -0.4523}"
161,2023-01-28 23:34:25,esfandtv ,ytbotgaming,it broken,0,broken,"{'neg': 0.756, 'neu': 0.244, 'pos': 0.0, 'compound': -0.4767}"
162,2023-01-28 23:34:27,esfandtv ,mahangm,@fuzzybeard90 we are all going to die feelsokayman,0,die,"{'neg': 0.358, 'neu': 0.642, 'pos': 0.0, 'compound': -0.5994}"
163,2023-01-28 23:34:33,esfandtv ,fuzzybeard90,@mahangm yep,0,yep,"{'neg': 0.0, 'neu': 0.312, 'pos': 0.688, 'compound': 0.296}"
164,2023-01-28 23:34:44,esfandtv ,ogsheen,@grannynonny which class/spec perform well in wotlk arena rn? i didnt played a single games haha! idk if you know,0,well play ink,"{'neg': 0.083, 'neu': 0.696, 'pos': 0.221, 'compound': 0.5197}"
165,2023-01-28 23:34:45,esfandtv ,fuzzybeard90,mop was bis wow danse,0,wow,"{'neg': 0.0, 'neu': 0.513, 'pos': 0.487, 'compound': 0.5859}"
166,2023-01-28 23:35:50,esfandtv ,grannynonny,@ogsheen in arena? no idea.. i should be watching more grayson but family is very busy lately monkas i have heard that dk are just overwhelming in damage everywhere though,0,monkaS overwhelm,"{'neg': 0.304, 'neu': 0.696, 'pos': 0.0, 'compound': -0.9152}"
167,2023-01-28 23:35:51,esfandtv ,angeltwothree,is this remake built from the ground up or do they take a lot of assets from the og game and update it with modern textures,0,asset,"{'neg': 0.0, 'neu': 0.936, 'pos': 0.064, 'compound': 0.1779}"
168,2023-01-28 23:36:04,esfandtv ,devilcecil,mean antagonist,0,antagonist,"{'neg': 0.744, 'neu': 0.256, 'pos': 0.0, 'compound': -0.4404}"
169,2023-01-28 23:36:05,esfandtv ,sethyrin,caution. :warning: warhead unstable. :fire: contain all explosive materials. :collision:,0,warning fire collision,"{'neg': 0.62, 'neu': 0.38, 'pos': 0.0, 'compound': -0.8316}"
170,2023-01-28 23:36:08,esfandtv ,arcsilin,yea it sucks cuz u love wow so much\,0,suck love wow,"{'neg': 0.152, 'neu': 0.364, 'pos': 0.485, 'compound': 0.7579}"
171,2023-01-28 23:36:11,esfandtv ,angeltwothree,ah cool,0,cool,"{'neg': 0.0, 'neu': 0.303, 'pos': 0.697, 'compound': 0.3182}"
172,2023-01-28 23:36:11,esfandtv ,ogsheen,thanks i will check it out,0,thank,"{'neg': 0.0, 'neu': 0.633, 'pos': 0.367, 'compound': 0.4404}"
173,2023-01-28 23:36:39,esfandtv ,genisyys_,monkas,0,monkaS,"{'neg': 1.0, 'neu': 0.0, 'pos': 0.0, 'compound': -0.6124}"
174,2023-01-28 23:36:41,esfandtv ,tuco30,hey esfand hope your days going well <,0,hope well,"{'neg': 0.0, 'neu': 0.545, 'pos': 0.455, 'compound': 0.6124}"
175,2023-01-28 23:37:06,esfandtv ,ytbotgaming,idk why but i seeing two suns in the sky,0,ink,"{'neg': 0.0, 'neu': 1.0, 'pos': 0.0, 'compound': 0.0}"
176,2023-01-28 23:37:13,esfandtv ,tuco30,are you going to play ds 2 and 3? or have you played it beofre ?,0,play,"{'neg': 0.0, 'neu': 0.731, 'pos': 0.269, 'compound': 0.6322}"
177,2023-01-28 23:37:22,esfandtv ,serapis_ammon,"we will make a better mmo than wow, together",0,better,"{'neg': 0.0, 'neu': 0.511, 'pos': 0.489, 'compound': 0.7717}"
178,2023-01-28 23:37:36,esfandtv ,angeltwothree,are they gonna keep doing classic wow till they get to warlords of draenor etc ?,0,wow,"{'neg': 0.0, 'neu': 0.798, 'pos': 0.202, 'compound': 0.5859}"
179,2023-01-28 23:37:41,esfandtv ,mahangm,monkaw,0,monkaW,"{'neg': 1.0, 'neu': 0.0, 'pos': 0.0, 'compound': -0.6124}"
180,2023-01-28 23:37:47,esfandtv ,daunted_mist,that was badass,0,badass,"{'neg': 0.0, 'neu': 0.455, 'pos': 0.545, 'compound': 0.34}"
181,2023-01-28 23:37:59,esfandtv ,vanguard771,if you store weapons you will not longer pick up ammo for them,0,weapon,"{'neg': 0.195, 'neu': 0.805, 'pos': 0.0, 'compound': -0.4404}"
182,2023-01-28 23:38:02,esfandtv ,serapis_ammon,wow will make ur pp small,0,wow,"{'neg': 0.0, 'neu': 0.568, 'pos': 0.432, 'compound': 0.5859}"
183,2023-01-28 23:38:02,esfandtv ,mahangm,the gun play is so good in the remake,0,gun play good,"{'neg': 0.172, 'neu': 0.429, 'pos': 0.4, 'compound': 0.4927}"
184,2023-01-28 23:38:15,esfandtv ,tuco30,are you gonna play deadspace 2 and 3? or have you played them before? @esfandtv,0,play,"{'neg': 0.0, 'neu': 0.716, 'pos': 0.284, 'compound': 0.6322}"
185,2023-01-28 23:38:16,esfandtv ,sargeangel,but thatd be gta lol,0,lol,"{'neg': 0.0, 'neu': 0.364, 'pos': 0.636, 'compound': 0.8402}"
186,2023-01-28 23:38:22,esfandtv ,mahangm,aiming in ds1 was such a pain pepew,0,pain,"{'neg': 0.32, 'neu': 0.68, 'pos': 0.0, 'compound': -0.5106}"
187,2023-01-28 23:38:31,esfandtv ,retpaladinbot,@esfandtv - lesspinions just subscribed using prime pog,0,pog,"{'neg': 0.0, 'neu': 0.7, 'pos': 0.3, 'compound': 0.4588}"
188,2023-01-28 23:38:47,esfandtv ,vanguard771,what if it is not fun but great for stream like oil wrestling with the bros?,0,fun great like,"{'neg': 0.279, 'neu': 0.577, 'pos': 0.144, 'compound': -0.4664}"
189,2023-01-28 23:38:49,esfandtv ,faze_zaz420,thank you for what you do esfand,0,thank,"{'neg': 0.0, 'neu': 0.706, 'pos': 0.294, 'compound': 0.3612}"
190,2023-01-28 23:38:53,esfandtv ,muckspreads,@esfandtv so hot tub stream? pog,0,pog,"{'neg': 0.0, 'neu': 0.625, 'pos': 0.375, 'compound': 0.4588}"
191,2023-01-28 23:39:16,esfandtv ,thegummibearmassacre,monkaw,0,monkaW,"{'neg': 1.0, 'neu': 0.0, 'pos': 0.0, 'compound': -0.6124}"
192,2023-01-28 23:39:20,esfandtv ,daunted_mist,oh shit theyre zoomin,0,shit,"{'neg': 0.545, 'neu': 0.455, 'pos': 0.0, 'compound': -0.5574}"
193,2023-01-28 23:39:25,esfandtv ,daunted_mist,omegalul,0,OMEGALUL,"{'neg': 0.0, 'neu': 0.0, 'pos': 1.0, 'compound': 0.4588}"
194,2023-01-28 23:39:27,esfandtv ,shonuff_,lulw,0,LULW,"{'neg': 0.0, 'neu': 0.0, 'pos': 1.0, 'compound': 0.4588}"
195,2023-01-28 23:39:27,esfandtv ,sir_rekt,lul,0,LUL,"{'neg': 0.0, 'neu': 0.0, 'pos': 1.0, 'compound': 0.7184}"
196,2023-01-28 23:39:28,esfandtv ,mahangm,lulw,0,LULW,"{'neg': 0.0, 'neu': 0.0, 'pos': 1.0, 'compound': 0.4588}"
197,2023-01-28 23:39:36,esfandtv ,daunted_mist,lul,0,LUL,"{'neg': 0.0, 'neu': 0.0, 'pos': 1.0, 'compound': 0.7184}"
198,2023-01-28 23:39:38,esfandtv ,mahangm,zoomer necromorphs monkaw,0,monkaW,"{'neg': 0.667, 'neu': 0.333, 'pos': 0.0, 'compound': -0.6124}"
199,2023-01-28 23:39:41,esfandtv ,muckspreads,omegalul,0,OMEGALUL,"{'neg': 0.0, 'neu': 0.0, 'pos': 1.0, 'compound': 0.4588}"
200,2023-01-28 23:40:12,esfandtv ,nsufferable,this immersion would work so well in vr esfand,0,well,"{'neg': 0.0, 'neu': 0.745, 'pos': 0.255, 'compound': 0.4101}"
201,2023-01-28 23:40:31,esfandtv ,kaboom_info,omegalul,0,OMEGALUL,"{'neg': 0.0, 'neu': 0.0, 'pos': 1.0, 'compound': 0.4588}"
202,2023-01-28 23:40:32,esfandtv ,poisonworm,xddflippingonxddentge is so bad,0,bad,"{'neg': 0.6, 'neu': 0.4, 'pos': 0.0, 'compound': -0.6696}"
203,2023-01-28 23:40:32,esfandtv ,genisyys_,lulw,0,LULW,"{'neg': 0.0, 'neu': 0.0, 'pos': 1.0, 'compound': 0.4588}"
204,2023-01-28 23:40:33,esfandtv ,koominator,omegalul,0,OMEGALUL,"{'neg': 0.0, 'neu': 0.0, 'pos': 1.0, 'compound': 0.4588}"
205,2023-01-28 23:40:37,esfandtv ,zellitan,i got something that can help doccbt,0,help,"{'neg': 0.0, 'neu': 0.69, 'pos': 0.31, 'compound': 0.4019}"
206,2023-01-28 23:40:38,esfandtv ,daunted_mist,lul,0,LUL,"{'neg': 0.0, 'neu': 0.0, 'pos': 1.0, 'compound': 0.7184}"
207,2023-01-28 23:40:42,esfandtv ,kaboom_info,lulw sodda emote,0,LULW,"{'neg': 0.0, 'neu': 0.4, 'pos': 0.6, 'compound': 0.4588}"
208,2023-01-28 23:40:48,esfandtv ,angeltwothree,xddflippingonxddentge last spam,0,spam,"{'neg': 0.556, 'neu': 0.444, 'pos': 0.0, 'compound': -0.3612}"
209,2023-01-28 23:40:49,esfandtv ,uneik,u mad ? xddflippingonxddentge,0,mad,"{'neg': 0.516, 'neu': 0.484, 'pos': 0.0, 'compound': -0.4939}"
210,2023-01-28 23:41:13,esfandtv ,juiceboxjam912,xddflippingonxddentge might as well,0,well,"{'neg': 0.0, 'neu': 0.588, 'pos': 0.412, 'compound': 0.2732}"
211,2023-01-28 23:41:22,esfandtv ,pilzkman,omegalul,0,OMEGALUL,"{'neg': 0.0, 'neu': 0.0, 'pos': 1.0, 'compound': 0.4588}"
212,2023-01-28 23:41:44,esfandtv ,danielsauces,i hate this xddflippingonxddentge,0,hate,"{'neg': 0.552, 'neu': 0.448, 'pos': 0.0, 'compound': -0.5719}"
213,2023-01-28 23:41:49,esfandtv ,bryan_505,jackass,0,jackass,"{'neg': 1.0, 'neu': 0.0, 'pos': 0.0, 'compound': -0.4215}"
214,2023-01-28 23:41:50,esfandtv ,peter_hexen,xddflippingonxddentge i don't like this at all,0,like,"{'neg': 0.26, 'neu': 0.74, 'pos': 0.0, 'compound': -0.2755}"
215,2023-01-28 23:41:54,esfandtv ,sargeangel,well he was,0,well,"{'neg': 0.0, 'neu': 0.488, 'pos': 0.512, 'compound': 0.2732}"
216,2023-01-28 23:41:55,esfandtv ,danielsauces,like really fuqin hate it,0,like hate,"{'neg': 0.42, 'neu': 0.317, 'pos': 0.264, 'compound': -0.3566}"
217,2023-01-28 23:41:55,esfandtv ,kaboom_info,xddflippingonxddentge yesss kill him,0,kill,"{'neg': 0.61, 'neu': 0.39, 'pos': 0.0, 'compound': -0.6908}"
218,2023-01-28 23:41:57,esfandtv ,scarecro0w,xdding xddflippingonxddentge last spam xdding xddflippingonxddentge last spam xdding xddflippingonxddentge last spam xdding xddflippingonxddentge last spam xdding xddflippingonxddentge last spam xdding xddflippingonxddentge last spam xdding xddflippingonxddentge last spam,0,spam,"{'neg': 0.455, 'neu': 0.545, 'pos': 0.0, 'compound': -0.9382}"
219,2023-01-28 23:42:07,esfandtv ,uneik,u mad ? xddflippingonxddentge  󠀀,0,mad,"{'neg': 0.444, 'neu': 0.556, 'pos': 0.0, 'compound': -0.4939}"
220,2023-01-28 23:42:09,esfandtv ,kaboom_info,xddflippingonxddentge yesss kill him eld it,0,kill,"{'neg': 0.485, 'neu': 0.515, 'pos': 0.0, 'compound': -0.6908}"
221,2023-01-28 23:42:13,esfandtv ,grannynonny,careful of hands!,0,care,"{'neg': 0.0, 'neu': 0.514, 'pos': 0.486, 'compound': 0.2244}"
222,2023-01-28 23:42:21,esfandtv ,serapis_ammon,that was my buddy :(,0,:(,"{'neg': 0.42, 'neu': 0.58, 'pos': 0.0, 'compound': -0.4404}"
223,2023-01-28 23:42:22,esfandtv ,ytbotgaming,only necromorphs drop loot,0,drop,"{'neg': 0.412, 'neu': 0.588, 'pos': 0.0, 'compound': -0.2732}"
224,2023-01-28 23:42:27,esfandtv ,sorenvael,oh hes alive hes alive *continues to gutter stomp him* lol,0,lol,"{'neg': 0.0, 'neu': 0.44, 'pos': 0.56, 'compound': 0.8807}"
225,2023-01-28 23:42:34,esfandtv ,kaboom_info,xddflippingonxddentge meet me irl i will drop your ass,0,drop ass,"{'neg': 0.444, 'neu': 0.556, 'pos': 0.0, 'compound': -0.6808}"
226,2023-01-28 23:42:34,esfandtv ,bundooa,lulw,0,LULW,"{'neg': 0.0, 'neu': 0.0, 'pos': 1.0, 'compound': 0.4588}"
227,2023-01-28 23:42:34,esfandtv ,3datmodels,deadspace 2 looks as good as this game?,0,good,"{'neg': 0.0, 'neu': 0.707, 'pos': 0.293, 'compound': 0.4404}"
228,2023-01-28 23:42:35,esfandtv ,shonuff_,lulw,0,LULW,"{'neg': 0.0, 'neu': 0.0, 'pos': 1.0, 'compound': 0.4588}"
229,2023-01-28 23:42:36,esfandtv ,dr_11,xdding :chicken: chicken xdding :chicken: chicken xdding :chicken: chicken xdding :chicken: chicken xdding :chicken: chicken xdding :chicken: chicken xdding :chicken: chicken xdding :chicken: chicken xdding :chicken: chicken xdding :chicken: chicken,0,chicken,"{'neg': 0.0, 'neu': 1.0, 'pos': 0.0, 'compound': 0.0}"
230,2023-01-28 23:42:47,esfandtv ,kaboom_info,xddflippingonxddentge meet me irl i will drop your ass esfando,0,drop ass,"{'neg': 0.412, 'neu': 0.588, 'pos': 0.0, 'compound': -0.6808}"
231,2023-01-28 23:42:53,esfandtv ,thegummibearmassacre,weird xd people notlikethis,0,weird ad,"{'neg': 0.227, 'neu': 0.267, 'pos': 0.507, 'compound': 0.4767}"
232,2023-01-28 23:43:05,esfandtv ,dr_11,let chat have fun 4weird,0,fun,"{'neg': 0.0, 'neu': 0.548, 'pos': 0.452, 'compound': 0.5106}"
233,2023-01-28 23:43:07,esfandtv ,pilzkman,@thegodmother thanks okayge,0,thank,"{'neg': 0.0, 'neu': 0.408, 'pos': 0.592, 'compound': 0.4404}"
234,2023-01-28 23:43:10,esfandtv ,itzjuggy,"its a bad emote, but that's what makes it good xdding",0,bad good,"{'neg': 0.149, 'neu': 0.596, 'pos': 0.255, 'compound': 0.3818}"
235,2023-01-28 23:43:33,esfandtv ,joongi_,xddflippingonxddentge halt stop using me,0,stop,"{'neg': 0.355, 'neu': 0.645, 'pos': 0.0, 'compound': -0.296}"
236,2023-01-28 23:43:34,esfandtv ,h_u_r_k_,dicks,0,dick,"{'neg': 0.0, 'neu': 1.0, 'pos': 0.0, 'compound': 0.0}"
237,2023-01-28 23:43:34,esfandtv ,pilzkman,the beauty is in the lack thereof,0,lack,"{'neg': 0.207, 'neu': 0.45, 'pos': 0.342, 'compound': 0.3612}"
238,2023-01-28 23:43:34,esfandtv ,threinen,monkaw esfand u good?,0,monkaW,"{'neg': 0.449, 'neu': 0.225, 'pos': 0.326, 'compound': -0.2732}"
239,2023-01-28 23:43:35,esfandtv ,kaboom_info,xddflippingonxddentge hehe murder,0,murder,"{'neg': 0.701, 'neu': 0.299, 'pos': 0.0, 'compound': -0.6908}"
240,2023-01-28 23:43:45,esfandtv ,pilzkman,kreygasm,0,Kreygasm,"{'neg': 0.0, 'neu': 0.0, 'pos': 1.0, 'compound': 0.6124}"
241,2023-01-28 23:43:45,esfandtv ,jaylue_,sounds nice,0,nice,"{'neg': 0.0, 'neu': 0.263, 'pos': 0.737, 'compound': 0.4215}"
242,2023-01-28 23:43:45,esfandtv ,sorenvael,"jesus isnt this like ""mutilation of a corpse"" or something, ya nasty",0,like,"{'neg': 0.518, 'neu': 0.482, 'pos': 0.0, 'compound': -0.8654}"
243,2023-01-28 23:43:48,esfandtv ,sargeangel,sounds like when i'm mashing it,0,like,"{'neg': 0.0, 'neu': 0.667, 'pos': 0.333, 'compound': 0.3612}"
244,2023-01-28 23:43:51,esfandtv ,mmelloon,"""chest"" nuts roasting on an open fire",0,fire,"{'neg': 0.485, 'neu': 0.515, 'pos': 0.0, 'compound': -0.5719}"
245,2023-01-28 23:44:01,esfandtv ,koominator,letsgooo kill,0,kill,"{'neg': 0.825, 'neu': 0.175, 'pos': 0.0, 'compound': -0.6908}"
246,2023-01-28 23:44:41,esfandtv ,sorenvael,"@pilzkman laughed way too hard at that, thank you",0,laugh hard thank,"{'neg': 0.109, 'neu': 0.465, 'pos': 0.426, 'compound': 0.6249}"
247,2023-01-28 23:44:43,esfandtv ,hikikomorphi,fuck animal crossing sounds fun,0,fuck fun,"{'neg': 0.357, 'neu': 0.306, 'pos': 0.337, 'compound': -0.0516}"
248,2023-01-28 23:44:43,esfandtv ,kaboom_info,pogu,0,PogU,"{'neg': 0.0, 'neu': 0.0, 'pos': 1.0, 'compound': 0.4588}"
249,2023-01-28 23:44:52,esfandtv ,joongi_,"i still find funny ""electric boogaloo"" and idk why kekw",0,ink,"{'neg': 0.0, 'neu': 0.503, 'pos': 0.497, 'compound': 0.836}"
250,2023-01-28 23:44:54,esfandtv ,kaboom_info,stream friend lulw,0,friend LULW,"{'neg': 0.0, 'neu': 0.139, 'pos': 0.861, 'compound': 0.7351}"
251,2023-01-28 23:44:59,esfandtv ,mahangm,@sargeangel i did sadge,0,Sadge,"{'neg': 0.571, 'neu': 0.429, 'pos': 0.0, 'compound': -0.6124}"
252,2023-01-28 23:45:00,esfandtv ,pilzkman,sorenvael you can say thank you by buying my onlyfans,0,thank,"{'neg': 0.0, 'neu': 0.783, 'pos': 0.217, 'compound': 0.3612}"
253,2023-01-28 23:45:01,esfandtv ,nicholasw458,man animal crossing sure has changed,0,sure ha,"{'neg': 0.0, 'neu': 0.685, 'pos': 0.315, 'compound': 0.3182}"
254,2023-01-28 23:45:09,esfandtv ,julian_______,respond to your steam friend esfand 4weird,0,friend,"{'neg': 0.0, 'neu': 0.652, 'pos': 0.348, 'compound': 0.4939}"
255,2023-01-28 23:45:16,esfandtv ,staypuff,d: language,0,D:,"{'neg': 0.0, 'neu': 0.312, 'pos': 0.688, 'compound': 0.296}"
256,2023-01-28 23:45:17,esfandtv ,joongi_,@bogusbutt backwards lul,0,LUL,"{'neg': 0.0, 'neu': 0.286, 'pos': 0.714, 'compound': 0.7184}"
257,2023-01-28 23:45:24,esfandtv ,snatchsneeze,l o l,0,i,"{'neg': 0.0, 'neu': 0.143, 'pos': 0.857, 'compound': 0.7184}"
258,2023-01-28 23:45:25,esfandtv ,shuggarly,the noises wutface,0,WutFace,"{'neg': 0.0, 'neu': 1.0, 'pos': 0.0, 'compound': 0.0}"
259,2023-01-28 23:45:31,esfandtv ,thegummibearmassacre,lulw,0,LULW,"{'neg': 0.0, 'neu': 0.0, 'pos': 1.0, 'compound': 0.4588}"
260,2023-01-28 23:45:57,esfandtv ,fozenoh,i like hentai the prequel more weirdchamp,0,like,"{'neg': 0.364, 'neu': 0.424, 'pos': 0.212, 'compound': -0.4201}"
261,2023-01-28 23:46:04,esfandtv ,sorenvael,@pilzkman lol,0,lol,"{'neg': 0.0, 'neu': 0.167, 'pos': 0.833, 'compound': 0.7184}"
262,2023-01-28 23:46:16,esfandtv ,snatchsneeze,yea the first one was overrated not enough they all had flat bread booba,0,BOOBA,"{'neg': 0.0, 'neu': 0.812, 'pos': 0.188, 'compound': 0.4588}"
263,2023-01-28 23:46:16,esfandtv ,bryan_505,ralpherz :cloud_with_lightning:,0,:cloud_with_lightning:,"{'neg': 0.0, 'neu': 1.0, 'pos': 0.0, 'compound': 0.0}"
264,2023-01-28 23:46:17,esfandtv ,joongi_,xddflippingonxddentge have you ever think about commiting terrible crimes against humanity?,0,commit crime,"{'neg': 0.237, 'neu': 0.763, 'pos': 0.0, 'compound': -0.4767}"
265,2023-01-28 23:46:23,esfandtv ,pilzkman,this game is like breaking bad without the meth and aliens and shit,0,like bad shit,"{'neg': 0.362, 'neu': 0.51, 'pos': 0.128, 'compound': -0.6808}"
266,2023-01-28 23:46:24,esfandtv ,3datmodels,@esfandtv what armor you like most in wow ?,0,like wow,"{'neg': 0.0, 'neu': 0.516, 'pos': 0.484, 'compound': 0.7635}"
267,2023-01-28 23:46:30,esfandtv ,kekkokeeko,stasis on electricity lulw,0,LULW,"{'neg': 0.0, 'neu': 0.5, 'pos': 0.5, 'compound': 0.4588}"
268,2023-01-28 23:46:32,esfandtv ,kaboom_info,xddflippingonxddentge will you join our world takeover,0,join,"{'neg': 0.0, 'neu': 0.732, 'pos': 0.268, 'compound': 0.296}"
269,2023-01-28 23:46:38,esfandtv ,supibot,"thegummibearmassacre, austin, tx, usa (now): :fog: 15.63°c, feels like 15.7°c. cloud cover: 100%. ssw wind speed: 3.09 m/s. no wind gusts. humidity: 94%. no precipitation right now. air pressure: 1015 hpa. sun sets in 4h, 17m.",0,fog like,"{'neg': 0.161, 'neu': 0.779, 'pos': 0.061, 'compound': -0.4767}"
270,2023-01-28 23:47:07,esfandtv ,imataka12,"@supibot we speak american here, son. put that in freedom units. kkona",0,freedom,"{'neg': 0.0, 'neu': 0.724, 'pos': 0.276, 'compound': 0.6369}"
271,2023-01-28 23:47:08,esfandtv ,staypuff,mo :),0,:),"{'neg': 0.0, 'neu': 0.25, 'pos': 0.75, 'compound': 0.4588}"
272,2023-01-28 23:47:10,esfandtv ,mjf,hell no,0,hell,"{'neg': 1.0, 'neu': 0.0, 'pos': 0.0, 'compound': -0.7783}"
273,2023-01-28 23:47:10,esfandtv ,kaboom_info,xddflippingonxddentge i am a bad person,0,bad,"{'neg': 0.412, 'neu': 0.588, 'pos': 0.0, 'compound': -0.5423}"
274,2023-01-28 23:47:11,esfandtv ,pilzkman,suck my dick,0,suck dick,"{'neg': 0.861, 'neu': 0.139, 'pos': 0.0, 'compound': -0.7351}"
275,2023-01-28 23:47:12,esfandtv ,reptar_77,:) no,0,:),"{'neg': 0.423, 'neu': 0.0, 'pos': 0.577, 'compound': 0.2023}"
276,2023-01-28 23:47:14,esfandtv ,staypuff,no :),0,:),"{'neg': 0.713, 'neu': 0.287, 'pos': 0.0, 'compound': -0.357}"
277,2023-01-28 23:47:16,esfandtv ,grannynonny,already subbed so terrible person sadge,0,Sadge,"{'neg': 0.674, 'neu': 0.326, 'pos': 0.0, 'compound': -0.8502}"
278,2023-01-28 23:47:17,esfandtv ,firesuckertv,sadge good but poor,0,Sadge good poor,"{'neg': 0.693, 'neu': 0.104, 'pos': 0.203, 'compound': -0.6908}"
279,2023-01-28 23:47:21,esfandtv ,alex89514,kappa,0,Kappa,"{'neg': 1.0, 'neu': 0.0, 'pos': 0.0, 'compound': -0.4588}"
280,2023-01-28 23:47:22,esfandtv ,apraxic___giraffe,@esfandtv but have you ever thought if youre a good person?,0,good,"{'neg': 0.0, 'neu': 0.722, 'pos': 0.278, 'compound': 0.5927}"
281,2023-01-28 23:47:29,esfandtv ,juiceboxjam912,1 sadge,0,Sadge,"{'neg': 0.8, 'neu': 0.2, 'pos': 0.0, 'compound': -0.6124}"
282,2023-01-28 23:47:35,esfandtv ,mahangm,monkas,0,monkaS,"{'neg': 1.0, 'neu': 0.0, 'pos': 0.0, 'compound': -0.6124}"
283,2023-01-28 23:47:38,esfandtv ,pilzkman,i committed several war crimes,0,commit war crime,"{'neg': 0.433, 'neu': 0.333, 'pos': 0.233, 'compound': -0.4215}"
284,2023-01-28 23:47:48,esfandtv ,gillyp01,wutface,0,WutFace,"{'neg': 0.0, 'neu': 1.0, 'pos': 0.0, 'compound': 0.0}"
285,2023-01-28 23:47:55,esfandtv ,grannynonny,@3datmodels free sub to your favorite channel when you link your amazon accoutn to your twitch account,0,free amazon,"{'neg': 0.0, 'neu': 0.636, 'pos': 0.364, 'compound': 0.7906}"
286,2023-01-28 23:47:56,esfandtv ,mahangm,he's dead pepelaugh,0,dead,"{'neg': 0.518, 'neu': 0.12, 'pos': 0.361, 'compound': -0.3182}"
287,2023-01-28 23:48:02,esfandtv ,dr_11,chat type billyapprove if you got a dirty dick and dont care,0,dick care,"{'neg': 0.495, 'neu': 0.505, 'pos': 0.0, 'compound': -0.8329}"
288,2023-01-28 23:48:03,esfandtv ,yusniff,monkas,0,monkaS,"{'neg': 1.0, 'neu': 0.0, 'pos': 0.0, 'compound': -0.6124}"
289,2023-01-28 23:48:06,esfandtv ,fozenoh,3datmodels its like free sub if you have  amazon prime  i think.,0,like free amazon,"{'neg': 0.0, 'neu': 0.545, 'pos': 0.455, 'compound': 0.7579}"
290,2023-01-28 23:48:09,esfandtv ,thegummibearmassacre,run monkaw,0,monkaW,"{'neg': 0.8, 'neu': 0.2, 'pos': 0.0, 'compound': -0.6124}"
