Date,Channel,Username,Message,Tag_owner
2023-01-28 23:18:19,esfandtv ,detectledefect.tmi.twitch.tv 353 detectledefect = #esfandtv ,detectledefect,0
2023-01-28 23:18:22,esfandtv ,hellyeahbaby,hell yeah baby,0
2023-01-28 23:18:23,esfandtv ,grannynonny,"Then there was a game with a hallway and a big old room, likea huanted house or castle, basement of horrors, that was good too",0
2023-01-28 23:18:27,esfandtv ,genisyys_,"ooh 12 chapters, so almost there poggSpin",0
2023-01-28 23:18:27,esfandtv ,koominator,peepoPooPoo,0
2023-01-28 23:18:28,esfandtv ,teleprompte,Thanks for streaming esfand,0
2023-01-28 23:18:38,esfandtv ,leysfort,ok bye Esfand,0
2023-01-28 23:18:48,esfandtv ,shmoopee,you're back!,0
2023-01-28 23:18:49,esfandtv ,lunchbreakk,peepoJuiceSpin,0
2023-01-28 23:18:50,esfandtv ,grannynonny,Esfand plays a lot of horror,0
2023-01-28 23:18:51,esfandtv ,swiftcactus0890,looking very handsome this afternoon,0
2023-01-28 23:18:57,esfandtv ,angeltwothree,NO BYE,0
2023-01-28 23:18:59,esfandtv ,thegummibearmassacre,D:,0
2023-01-28 23:19:00,esfandtv ,atomicpresence,LATEFAND,0
2023-01-28 23:19:00,esfandtv ,kfoo_,You're fine,0
2023-01-28 23:19:02,esfandtv ,genisyys_,you made him upset D:,0
2023-01-28 23:19:04,esfandtv ,fozenoh,monkaW,0
2023-01-28 23:19:04,esfandtv ,leysfort,i thought u were done,0
2023-01-28 23:19:07,esfandtv ,mahangm,esfand are you going away for creator clash?,0
2023-01-28 23:19:09,esfandtv ,koominator,esfandLeave,0
2023-01-28 23:19:09,esfandtv ,daunted_mist,OMEGALUL,0
2023-01-28 23:19:12,esfandtv ,rakleson,get out of here see if i care peepoSad,0
2023-01-28 23:19:14,esfandtv ,viralostrich,its early,0
2023-01-28 23:19:15,esfandtv ,nombies420,"VIrgin coladas, NO RUM",0
2023-01-28 23:19:17,esfandtv ,fozenoh,FeelsDonkMan,0
2023-01-28 23:19:17,esfandtv ,waffleboiiii,LULW,0
2023-01-28 23:19:17,esfandtv ,tribalvenomx86,Howdy!,0
2023-01-28 23:19:19,esfandtv ,leysfort,did it jjust crash?,0
2023-01-28 23:19:24,esfandtv ,heechulized,$cookie,0
2023-01-28 23:19:25,esfandtv ,supibot,"heechulized, Your daily cookie: This is a fantastic day for you. You'll have a great deal of physical power.",0
2023-01-28 23:19:26,esfandtv ,vanguard771,"""finishing""",0
2023-01-28 23:19:28,esfandtv ,sunnymands,esfandVIBE,0
2023-01-28 23:19:29,esfandtv ,simply_southern21,esfand your look very health as of late ...,0
2023-01-28 23:19:34,esfandtv ,angeltwothree,!cookie,0
2023-01-28 23:19:40,esfandtv ,sunnymands,Pog,0
2023-01-28 23:19:40,esfandtv ,angeltwothree,$cookie,0
2023-01-28 23:19:41,esfandtv ,supibot,"angeltwothree, Your daily cookie: Everything has beauty but not everyone sees it.",0
2023-01-28 23:19:42,esfandtv ,gillyp01,PogChamp,0
2023-01-28 23:19:44,esfandtv ,fozenoh,!cookie,0
2023-01-28 23:19:46,esfandtv ,rakleson,I gotta let you go esfand or they are going to put you down TriSad,0
2023-01-28 23:19:49,esfandtv ,spitfiremkxiv,$cookie,0
2023-01-28 23:19:49,esfandtv ,supibot,"spitfiremkxiv, Your daily cookie: It's a day of challenges. You're a pro at questioning yourself, as you'll prove today when you take a hard look at your accomplishments.",0
2023-01-28 23:19:51,esfandtv ,daunted_mist,i notice it,0
2023-01-28 23:19:52,esfandtv ,grannynonny,"Which game was that Esfand? Y0ou start in a hallway with paniting, then there's a big old room with a balcony and two stairwells going down, and a basement with desks you find things in...",0
2023-01-28 23:19:52,esfandtv ,atomicpresence,but others can OkayChamp,0
2023-01-28 23:19:53,esfandtv ,waffleboiiii,esfandRage im not healthy at all today,0
2023-01-28 23:19:53,esfandtv ,azoth83,u won't notice,0
2023-01-28 23:19:56,esfandtv ,duskatdawn117,Esfand :),0
2023-01-28 23:19:56,esfandtv ,danielsauces,"@Leysfort, ye",0
2023-01-28 23:19:57,esfandtv ,kngrsm,nvidia broadcast has some cool features definitely worth checking out but probably best to watch some youtube howtos before,0
2023-01-28 23:20:06,esfandtv ,tebb_e,Hmm,0
2023-01-28 23:20:06,esfandtv ,azoth83,but others who don't see u everyday will,0
2023-01-28 23:20:08,esfandtv ,koominator,LUL LUL,0
2023-01-28 23:20:18,esfandtv ,angeltwothree,So you can have your eyes Stare at us ? @EsfandTV,0
2023-01-28 23:20:23,esfandtv ,lunchbreakk,Stare i see you,0
2023-01-28 23:20:27,esfandtv ,angeltwothree,LUL,0
2023-01-28 23:20:27,esfandtv ,grannynonny,STare,0
2023-01-28 23:20:28,esfandtv ,fozenoh,birdStare,0
2023-01-28 23:20:29,esfandtv ,daunted_mist,Stare,0
2023-01-28 23:20:29,esfandtv ,nsaynetv,Hey Esfand didnt know you were live just saw the tweet whats up,0
2023-01-28 23:20:29,esfandtv ,angeltwothree,Stare,0
2023-01-28 23:20:30,esfandtv ,widepenguinn,Stare,0
2023-01-28 23:20:31,esfandtv ,grannynonny,Stare too,0
2023-01-28 23:20:33,esfandtv ,sunnymands,Stare,0
2023-01-28 23:20:34,esfandtv ,genisyys_,Stare,0
2023-01-28 23:20:35,esfandtv ,vanguard771,If Nvidia broadcast blocks out background noise does that mean we won't hear bonnie anymore?,0
2023-01-28 23:20:36,esfandtv ,3b0ne,Stare stop,0
2023-01-28 23:20:46,esfandtv ,pstar1,Stare AI enhanced,0
2023-01-28 23:20:49,esfandtv ,rakleson,look at THIS,0
2023-01-28 23:20:54,esfandtv ,grannynonny,Now that's gonna nag at me.. that game he could play again and I wouldn't mind...,0
2023-01-28 23:21:03,esfandtv ,iamgabe69,esfandBust,0
2023-01-28 23:21:03,esfandtv ,sunnymands,esfandH,0
2023-01-28 23:21:09,esfandtv ,corso117,what's up dude,0
2023-01-28 23:21:10,esfandtv ,thegummibearmassacre,esfandBust,0
2023-01-28 23:21:12,esfandtv ,waffleboiiii,DansGame,0
2023-01-28 23:21:12,esfandtv ,rakleson,nice nuts,0
2023-01-28 23:21:13,esfandtv ,southpaw1724,lol,0
2023-01-28 23:21:17,esfandtv ,genisyys_,what are you playing after Deadspace? Pause,0
2023-01-28 23:21:18,esfandtv ,oreder,PJSugar,0
2023-01-28 23:21:19,esfandtv ,hangloose2,PotFriend,0
2023-01-28 23:21:19,esfandtv ,car5onc,hes taking drugs omg,0
2023-01-28 23:21:21,esfandtv ,sir_rekt,Pocket full of nuts,0
2023-01-28 23:21:22,esfandtv ,gillyp01,NotLikeThis,0
2023-01-28 23:21:23,esfandtv ,unioneagle7,esfandW,0
2023-01-28 23:21:26,esfandtv ,waffleboiiii,esfandRetPill,0
2023-01-28 23:21:30,esfandtv ,jatnutt,did you tinker around with the rtx greenscreen thing?,0
2023-01-28 23:21:32,esfandtv ,threinen,Wokege,0
2023-01-28 23:21:38,esfandtv ,waffleboiiii,FeelsAmazingMan esfandRetPill,0
2023-01-28 23:21:38,esfandtv ,god_is_a_cat_girl,use home PC as IRL stream server and use Nvidia Broadcast to filter out background noise 5Head,0
2023-01-28 23:21:40,esfandtv ,fozenoh,ReallyMad my speaker is on 100% and youjust esfandBust ed,0
2023-01-28 23:21:41,esfandtv ,jatnutt,"nvm, i want the background",0
2023-01-28 23:21:41,esfandtv ,vanguard771,New game POG,0
2023-01-28 23:21:41,esfandtv ,juiceboxjam912,yo dude,0
2023-01-28 23:22:04,esfandtv ,waffleboiiii,pogg,0
2023-01-28 23:22:05,esfandtv ,danielsauces,Pog,0
2023-01-28 23:22:06,esfandtv ,bryan_505,PAWG,0
2023-01-28 23:22:07,esfandtv ,danielsauces,LETHIMCOOK,0
2023-01-28 23:22:07,esfandtv ,phoenixvakarian,pogg,0
2023-01-28 23:22:08,esfandtv ,perfectsh0t2,pog,0
2023-01-28 23:22:08,esfandtv ,genisyys_,pogg,0
2023-01-28 23:22:08,esfandtv ,daunted_mist,Pog,0
2023-01-28 23:22:08,esfandtv ,viralostrich,Pog,0
2023-01-28 23:22:08,esfandtv ,angeltwothree,Pog,0
2023-01-28 23:22:09,esfandtv ,imataka12,pog,0
2023-01-28 23:22:09,esfandtv ,thegummibearmassacre,DEAD SPACE Pog,0
2023-01-28 23:22:09,esfandtv ,azoth83,Pog,0
2023-01-28 23:22:09,esfandtv ,mellowcheese,Pog,0
2023-01-28 23:22:10,esfandtv ,pstar1,Pog,0
2023-01-28 23:22:10,esfandtv ,shaka501,Pog,0
2023-01-28 23:22:10,esfandtv ,widepenguinn,pogg,0
2023-01-28 23:22:10,esfandtv ,haruiswaifu,Pog,0
2023-01-28 23:22:11,esfandtv ,retpaladinbot,ACTION 5x Pog combo,0
2023-01-28 23:22:11,esfandtv ,ekun,pogg,0
2023-01-28 23:22:11,esfandtv ,govncheese,Pog,0
2023-01-28 23:22:11,esfandtv ,macvane,pog,0
2023-01-28 23:22:11,esfandtv ,nurse_coop,@esfandtv did you purchase the new razer hand held?,1
2023-01-28 23:22:11,esfandtv ,xzerozz,Pog,0
2023-01-28 23:22:12,esfandtv ,koominator,pogg,0
2023-01-28 23:22:12,esfandtv ,jatnutt,hi youtube type pog,0
2023-01-28 23:22:12,esfandtv ,shonuff_,Pog youtube,0
2023-01-28 23:22:12,esfandtv ,sir_rekt,Pog,0
2023-01-28 23:22:12,esfandtv ,corso117,Pog,0
2023-01-28 23:22:12,esfandtv ,fozenoh,Hi youtube type pog,0
2023-01-28 23:22:13,esfandtv ,alcoolaj,peepoHey Youtube,0
2023-01-28 23:22:13,esfandtv ,soaringturkeyvulture,I just booted up WoW and thought those noises were my game... where the hell did I log off LUL,0
2023-01-28 23:22:14,esfandtv ,corso117,hi youtube,0
2023-01-28 23:22:14,esfandtv ,angelito0023,Pog :middle_finger: sup yt,0
2023-01-28 23:22:15,esfandtv ,danielsauces,letsgo,0
2023-01-28 23:22:16,esfandtv ,3b0ne,HI YT Pog,0
2023-01-28 23:22:17,esfandtv ,vanguard771,he won't finish,0
2023-01-28 23:22:17,esfandtv ,nicholasw458,frick youtube Pog,0
2023-01-28 23:22:18,esfandtv ,willdragons,Pog hi youtube,0
2023-01-28 23:22:22,esfandtv ,tebb_e,hi Pog type YouTube,0
2023-01-28 23:22:25,esfandtv ,spitfiremkxiv,pogg,0
2023-01-28 23:22:28,esfandtv ,cuddlewittwigs,peepoHey YouTube,0
2023-01-28 23:22:28,esfandtv ,supergamerguy86,yo,0
2023-01-28 23:22:28,esfandtv ,jatnutt,Stare youtube,0
2023-01-28 23:22:31,esfandtv ,itzjuggy,YOUTUBE WeirdChamp,0
2023-01-28 23:22:33,esfandtv ,jaredclt,DICKS YouTube,0
2023-01-28 23:22:34,esfandtv ,3b0ne,HUH,0
2023-01-28 23:22:40,esfandtv ,zura_janai_katsura__da,Clueless,0
2023-01-28 23:22:40,esfandtv ,juiceboxjam912,"i didn't get notifications from twitch that you went live, thank god for discord tho",0
2023-01-28 23:22:40,esfandtv ,gillyp01,Kreygasm,0
2023-01-28 23:22:40,esfandtv ,tycade,Take a poll to see if you finish or not,0
2023-01-28 23:22:40,esfandtv ,hikikomorphi,did he end stream?,0
2023-01-28 23:22:40,esfandtv ,dr_11,"you have 4 chapters left, including chapter 9",0
2023-01-28 23:22:40,esfandtv ,peepdungeon,do you even sleep bro,0
2023-01-28 23:22:40,esfandtv ,tycade,Any doubters?,0
2023-01-28 23:22:42,esfandtv ,redshock_0,peepoHey,0
2023-01-28 23:22:43,esfandtv ,azoth83,u also spent an hour missing the enter key,0
2023-01-28 23:22:43,esfandtv ,macvane,pogg,0
2023-01-28 23:22:43,esfandtv ,god_is_a_cat_girl,"if you setup to turn on/off easily maybe it can be used only at certain times like when it's super windy. I mean, Elgato does have stream deck on phone (and it kinda sucks?)",0
2023-01-28 23:22:45,esfandtv ,waffleboiiii,Flashback,0
2023-01-28 23:22:52,esfandtv ,genisyys_,LMAOOOOOOOOOO,0
2023-01-28 23:22:53,esfandtv ,vanguard771,The press enter to continue challenge was rough,0
2023-01-28 23:23:01,esfandtv ,battlealpaca,Is start if stream gone forever I wanted to vod frog recap for my post FRICK @esfandtv,1
2023-01-28 23:23:01,esfandtv ,tebb_e,LUL,0
2023-01-28 23:23:03,esfandtv ,jatnutt,E for Enter,0
2023-01-28 23:23:03,esfandtv ,daunted_mist,OMEGALAUGHING,0
2023-01-28 23:23:05,esfandtv ,azoth83,LULW,0
2023-01-28 23:23:05,esfandtv ,koominator,Flashback press E,0
2023-01-28 23:23:06,esfandtv ,unioneagle7,I remember being scared playing this hack when it eas released on ps3,0
2023-01-28 23:23:07,esfandtv ,muckspreads,E for enter LuL,0
2023-01-28 23:23:10,esfandtv ,zellitan,Kappa error,0
2023-01-28 23:23:20,esfandtv ,koominator,nope :),0
2023-01-28 23:23:22,esfandtv ,zellitan,E for error Kapp,0
2023-01-28 23:23:23,esfandtv ,govncheese,They don’t play their games like they say they do,0
2023-01-28 23:23:25,esfandtv ,god_is_a_cat_girl,played on THIS,0
2023-01-28 23:23:27,esfandtv ,fozenoh,E'd space,0
2023-01-28 23:23:27,esfandtv ,sir_rekt,I guess nobody played with mouse and keyboard that far into the game,0
2023-01-28 23:23:28,esfandtv ,angeltwothree,"Because they barely QA test anymore, they just wait for players to report bugs LUL @EsfandTV",0
2023-01-28 23:23:28,esfandtv ,sethyrin,imagine gaming on mouse and keyboard Kappa,0
2023-01-28 23:23:30,esfandtv ,bryan_505,they probably played on pc with controller,0
2023-01-28 23:23:30,esfandtv ,vanguard771,keyboard DansGame,0
2023-01-28 23:23:33,esfandtv ,pstar1,"If you don't test, there's no bugs to find 5Head",0
2023-01-28 23:23:33,esfandtv ,hikikomorphi,game testers didn't make it as far as you,0
2023-01-28 23:23:34,esfandtv ,exinfps,welcome to 2023 gaming,0
2023-01-28 23:23:39,esfandtv ,viralostrich,devs dont have time to play games,0
2023-01-28 23:23:41,esfandtv ,spitfiremkxiv,they meant to fix it but forgor,0
2023-01-28 23:23:41,esfandtv ,dr_11,any game starters,0
2023-01-28 23:23:42,esfandtv ,jatnutt,there is no E key on a controller,0
2023-01-28 23:23:42,esfandtv ,battlealpaca,because most people try enter too kekw,0
2023-01-28 23:23:48,esfandtv ,irishurdaddy,"@Esfand back yard football, a yes or maybe?",0
2023-01-28 23:23:54,esfandtv ,keredneaun,what was the bug?,0
2023-01-28 23:24:03,esfandtv ,kngrsm,the lighting looks so good,0
2023-01-28 23:24:09,esfandtv ,tebb_e,LULW,0
2023-01-28 23:24:10,esfandtv ,koominator,"Because ""final playtester"" would be too good of a job and they dont want to pay em to play games LULW",0
2023-01-28 23:24:15,esfandtv ,vanguard771,It was E for Enter,0
2023-01-28 23:24:19,esfandtv ,grannynonny,AMNESIA!! AMNESIA DARK DESCENT! Your playthrough of that was AWESOME!!! esfandH,0
2023-01-28 23:24:20,esfandtv ,thegummibearmassacre,monkaW,0
2023-01-28 23:24:25,esfandtv ,daunted_mist,monkaS,0
2023-01-28 23:24:25,esfandtv ,asteriamateria,Wokege,0
2023-01-28 23:24:28,esfandtv ,apraxic___giraffe,@EsfandTV do you like tuna?,0
2023-01-28 23:24:29,esfandtv ,magicsteroids,press e to finish game,0
2023-01-28 23:24:46,esfandtv ,genisyys_,is the game challenging to play?,0
2023-01-28 23:24:51,esfandtv ,puka_,"hey esfand, can i snort your armpit sweat? :)",0
2023-01-28 23:24:54,esfandtv ,fozenoh,grannynonny HYPERS you remembered,0
2023-01-28 23:25:01,esfandtv ,grannynonny,"But ok, squishy aliens! esfandCozy WithCoffee",0
2023-01-28 23:25:05,esfandtv ,koominator,Hmm,0
2023-01-28 23:25:28,esfandtv ,macvane,NODDERS,0
2023-01-28 23:25:32,esfandtv ,redshock_0,Hmm,0
2023-01-28 23:25:37,esfandtv ,fozenoh,Squshy aliens peepoGiggles,0
2023-01-28 23:25:37,esfandtv ,koominator,YEP,0
2023-01-28 23:25:41,esfandtv ,arcsilin,the whole plot is stellar dude,0
2023-01-28 23:25:44,esfandtv ,daunted_mist,LUL,0
2023-01-28 23:25:49,esfandtv ,vanguard771,good point mr. game journalist,0
2023-01-28 23:25:50,esfandtv ,grannynonny,"@Fozenoh YEP I had to look it up though! LUL Did Esfand ever play Outlast? I can't remember, but Dark Descent I remember super well",0
2023-01-28 23:25:54,esfandtv ,arcsilin,u should watch the anime,0
2023-01-28 23:25:57,esfandtv ,danielsauces,HUMAN MUSIC..... I like it,0
2023-01-28 23:25:58,esfandtv ,koominator,YEP sudden change of tide,0
2023-01-28 23:26:03,esfandtv ,asteriamateria,YEP,0
2023-01-28 23:26:05,esfandtv ,rida220,theres 2,0
2023-01-28 23:26:06,esfandtv ,komandantmirko,WEEBSDETECTED,0
2023-01-28 23:26:14,esfandtv ,angeltwothree,@EsfandTV The Dead Space anime movies,0
2023-01-28 23:26:15,esfandtv ,honda_civic_chan,called One Piece,0
2023-01-28 23:26:17,esfandtv ,mahangm,there are 2 animations,0
2023-01-28 23:26:18,esfandtv ,waffleboiiii,NOOO,0
2023-01-28 23:26:20,esfandtv ,bryan_505,so no head? ReallyMad,0
2023-01-28 23:26:21,esfandtv ,daunted_mist,NOOO,0
2023-01-28 23:26:25,esfandtv ,nsufferable,catsenD,0
2023-01-28 23:26:27,esfandtv ,komandantmirko,tell him this isn't the time to lose his head 4Head,0
2023-01-28 23:26:28,esfandtv ,dkfromdenmark,its bob,0
2023-01-28 23:26:31,esfandtv ,labomba_boi,put it back,0
2023-01-28 23:26:32,esfandtv ,danielsauces,"he got a little a ""head"" of himself",0
2023-01-28 23:26:33,esfandtv ,3b0ne,NOOO,0
2023-01-28 23:26:34,esfandtv ,rida220,@EsfandTV You do realize you're wearing the same armor right,0
2023-01-28 23:26:36,esfandtv ,koominator,NOOO THE DUDE,0
2023-01-28 23:26:39,esfandtv ,bryan_505,D:,0
2023-01-28 23:26:39,esfandtv ,daunted_mist,D:,0
2023-01-28 23:26:39,esfandtv ,corso117,put his head back on,0
2023-01-28 23:26:40,esfandtv ,jaylue_,yea theres dead space downfall and aftermath,0
2023-01-28 23:26:41,esfandtv ,govncheese,He got bitched,0
2023-01-28 23:26:45,esfandtv ,grannynonny,splat esfandH,0
2023-01-28 23:26:48,esfandtv ,daunted_mist,oh shit,0
2023-01-28 23:26:49,esfandtv ,p1utofm,monkaW,0
2023-01-28 23:26:49,esfandtv ,waffleboiiii,PepeS,0
2023-01-28 23:26:50,esfandtv ,macvane,its on drugs monkaW,0
2023-01-28 23:26:51,esfandtv ,sir_rekt,Oh the twitchers,0
2023-01-28 23:26:52,esfandtv ,fozenoh,grannynonny Hmm im not sure. im only recently active frog Sadge,0
2023-01-28 23:26:57,esfandtv ,fozenoh,Clickers monkaW,0
2023-01-28 23:26:58,esfandtv ,pstar1,"I'm glitching, I'm glitching",0
2023-01-28 23:27:04,esfandtv ,thegummibearmassacre,monkaW,0
2023-01-28 23:27:05,esfandtv ,genisyys_,new mutation monkaW,0
2023-01-28 23:27:06,esfandtv ,koominator,gachiESFAND,0
2023-01-28 23:27:11,esfandtv ,komandantmirko,Jebaited,0
2023-01-28 23:27:15,esfandtv ,mahangm,LULW,0
2023-01-28 23:27:16,esfandtv ,netnomad,LUL clearly not play tested,0
2023-01-28 23:27:20,esfandtv ,mahangm,new aliens pepeLaugh,0
2023-01-28 23:27:24,esfandtv ,spitfiremkxiv,stompy stompy,0
2023-01-28 23:27:25,esfandtv ,grannynonny,@Fozenoh and a most MOST welcome one! esfandL esfandL esfandL esfandL esfandL esfandL esfandL esfandL esfandL esfandL esfandL,0
2023-01-28 23:27:32,esfandtv ,sir_rekt,"They're wearing armor, so require more shots too",0
2023-01-28 23:27:34,esfandtv ,daunted_mist,i guess you gotta take off all the limbs,0
2023-01-28 23:27:35,esfandtv ,nsufferable,even faster cleamiWorried,0
2023-01-28 23:27:37,esfandtv ,netnomad,looked like a Killer7 enemy glitching out there,0
2023-01-28 23:27:39,esfandtv ,mahangm,i remember these ones pepeLaugh,0
2023-01-28 23:27:40,esfandtv ,gizimoo86,game looks pretty good,0
2023-01-28 23:27:42,esfandtv ,wiiiie_dynamite,nah hes kidding,0
2023-01-28 23:27:46,esfandtv ,fozenoh,@grannynonny esfandL,0
2023-01-28 23:27:47,esfandtv ,mahangm,they're annoying af pepeLaugh,0
2023-01-28 23:27:48,esfandtv ,macvane,space marines YEP,0
2023-01-28 23:28:14,esfandtv ,danielsauces,Its kinda cool that there is a narrative reason why enemies are harder. but still the same,0
2023-01-28 23:28:16,esfandtv ,arcsilin,@EsfandTV yeah theyre called Dead space : Down Fall & Dead Space : Aftermath,0
2023-01-28 23:28:24,esfandtv ,mahangm,this is such a good remake FeelsStrongMan,0
2023-01-28 23:28:36,esfandtv ,felipells,peepoWave,0
2023-01-28 23:28:37,esfandtv ,supibot,"@felipells is no longer AFK: GYM donkWalk xar2EDM Can't be stopped (1h, 20m ago)",0
2023-01-28 23:28:43,esfandtv ,danielsauces,2 arms 2 legs,0
2023-01-28 23:28:45,esfandtv ,koominator,AlienPls its time,0
2023-01-28 23:28:56,esfandtv ,puka_,D:,0
2023-01-28 23:28:59,esfandtv ,thegummibearmassacre,D:,0
2023-01-28 23:28:59,esfandtv ,mixinsoda101,you too,0
2023-01-28 23:29:04,esfandtv ,macvane,esfandO sure,0
2023-01-28 23:29:04,esfandtv ,bobbylo23,!playlist,0
2023-01-28 23:29:04,esfandtv ,retpaladinbot,ACTION @bobbylo23 Esfand's Spotify Profile with his Playlists are here https//open.spotify.com/user/h8f09jlxxuo44yoyzlylvu91p?si=DUhRa-1IRl2XW_5oDi4wHw,0
2023-01-28 23:29:04,esfandtv ,pstar1,Thanks for letting us know there's evil aliens,0
2023-01-28 23:29:08,esfandtv ,grannynonny,Stress relief? LUL,0
2023-01-28 23:29:08,esfandtv ,ytbotgaming,only necromorph give items,0
2023-01-28 23:29:09,esfandtv ,rakleson,has he screamed like a small child yet?,0
2023-01-28 23:29:10,esfandtv ,angeltwothree,MEGALUL SATISFACTION,0
2023-01-28 23:29:10,esfandtv ,waffleboiiii,LULW,0
2023-01-28 23:29:17,esfandtv ,mahangm,"aftermath was weird, they had 10 different design styles for it LULW",0
2023-01-28 23:29:24,esfandtv ,kaboom_info,Yo chat and esfand peepoWave,0
2023-01-28 23:29:25,esfandtv ,koominator,LUL LUL true @grannynonny,0
2023-01-28 23:29:25,esfandtv ,redshock_0,LULW,0
2023-01-28 23:29:26,esfandtv ,aleystergaming,LUL,0
2023-01-28 23:29:27,esfandtv ,asteriamateria,OMEGALAUGHING,0
2023-01-28 23:29:27,esfandtv ,p1utofm,OMEGALUL,0
2023-01-28 23:29:28,esfandtv ,holsch3r,ahaha,0
2023-01-28 23:29:29,esfandtv ,danielsauces,@rakleson does that answer your question,0
2023-01-28 23:29:30,esfandtv ,rakleson,there we go,0
2023-01-28 23:29:30,esfandtv ,gizimoo86,lol,0
2023-01-28 23:29:30,esfandtv ,macvane,AAAAAAA,0
2023-01-28 23:29:30,esfandtv ,waffleboiiii,pepePoint,0
2023-01-28 23:29:30,esfandtv ,grannynonny,LUL,0
2023-01-28 23:29:31,esfandtv ,angeltwothree,@MahanGM Yeah same with the Dantes Inferno anime movie,0
2023-01-28 23:29:31,esfandtv ,kngrsm,OMEGALUL,0
2023-01-28 23:29:31,esfandtv ,redshock_0,pepeMeltdown  pepeMeltdown  pepeMeltdown,0
2023-01-28 23:29:31,esfandtv ,mahangm,OMEGALAUGHING,0
2023-01-28 23:29:32,esfandtv ,thegummibearmassacre,LOLLLLLLLLLL,0
2023-01-28 23:29:33,esfandtv ,muckspreads,OMEGALUL,0
2023-01-28 23:29:33,esfandtv ,daunted_mist,youre scaring me,0
2023-01-28 23:29:33,esfandtv ,b_t_23,esfandLUL esfandLUL esfandLUL esfandLUL esfandLUL esfandLUL,0
2023-01-28 23:29:34,esfandtv ,fozenoh,kaboom_info peepoWave,0
2023-01-28 23:29:34,esfandtv ,nsufferable,aruuuGun,0
2023-01-28 23:29:34,esfandtv ,buukillah,Pause,0
2023-01-28 23:29:38,esfandtv ,sir_rekt,LUL,0
2023-01-28 23:29:39,esfandtv ,fuzzybeard90,pepeMeltdown,0
2023-01-28 23:29:39,esfandtv ,mahangm,@天使42199 exactly,0
2023-01-28 23:29:40,esfandtv ,vanguard771,LUL,0
2023-01-28 23:29:41,esfandtv ,arcsilin,i hate those things man LUL,0
2023-01-28 23:29:42,esfandtv ,buukillah,TriHuggo grannynonny,0
2023-01-28 23:29:44,esfandtv ,kaboom_info,@Fozenoh esfandL,0
2023-01-28 23:29:44,esfandtv ,fuzzybeard90,@grannynonny esfandL esfandL esfandL,0
2023-01-28 23:29:44,esfandtv ,asteriamateria,kekw,0
2023-01-28 23:29:46,esfandtv ,waffleboiiii,kekw,0
2023-01-28 23:29:46,esfandtv ,starrsiege,PoroSad,0
2023-01-28 23:29:47,esfandtv ,gizimoo86,kekw,0
2023-01-28 23:29:47,esfandtv ,imataka12,widepeepoSad my knee,0
2023-01-28 23:29:50,esfandtv ,xhashbanditx,ROFL,0
2023-01-28 23:29:51,esfandtv ,fuzzybeard90,poroSad,0
2023-01-28 23:30:09,esfandtv ,xhashbanditx,peepoWave yo,0
2023-01-28 23:30:11,esfandtv ,5615pass,!schedule,0
2023-01-28 23:30:12,esfandtv ,streamelements,Schedule is updated Weekly on Twitch! https://www.twitch.tv/esfandtv/schedule,0
2023-01-28 23:30:12,esfandtv ,grannynonny,@BuuKillah @Koominator @Fuzzybeard90 esfandH esfandH esfandH esfandH esfandL esfandL esfandL esfandL esfandL esfandL esfandL esfandL esfandL esfandL,0
2023-01-28 23:30:17,esfandtv ,daunted_mist,monkaS,0
2023-01-28 23:30:21,esfandtv ,asteriamateria,Hmm,0
2023-01-28 23:30:23,esfandtv ,mahangm,monkaOMEGA,0
2023-01-28 23:30:23,esfandtv ,grannynonny,Ice for knee Esfand NODDERS,0
2023-01-28 23:30:27,esfandtv ,streamelements,@,0
2023-01-28 23:30:28,esfandtv ,mahangm,wtf monkaOMEGA,0
2023-01-28 23:30:31,esfandtv ,zellitan,monkaW chat hold me,0
2023-01-28 23:30:31,esfandtv ,ogsheen,hey esfand you still play wotlk sometime?,0
2023-01-28 23:30:38,esfandtv ,asteriamateria,OMEGALAUGHING,0
2023-01-28 23:30:38,esfandtv ,ytbotgaming,use the other one,0
2023-01-28 23:30:40,esfandtv ,genisyys_,use the other one,0
2023-01-28 23:30:41,esfandtv ,waffleboiiii,LULW,0
2023-01-28 23:30:42,esfandtv ,mahangm,@zellitan i can't  monkaOMEGA,0
2023-01-28 23:30:42,esfandtv ,xhashbanditx,EZ 8.1,0
2023-01-28 23:30:43,esfandtv ,miraclealiengravity,Thank you Esfand!,0
2023-01-28 23:30:44,esfandtv ,arcsilin,KEKW,0
2023-01-28 23:30:46,esfandtv ,grannynonny,WOTLK made Paladins all horrid. I dount he'll play,0
2023-01-28 23:30:50,esfandtv ,labomba_boi,try harder,0
2023-01-28 23:30:52,esfandtv ,grannynonny,doubt,0
2023-01-28 23:30:52,esfandtv ,p1utofm,Drake,0
2023-01-28 23:30:52,esfandtv ,koominator,LETSGOOO,0
2023-01-28 23:30:52,esfandtv ,jpoo_,DONO Pog,0
2023-01-28 23:30:54,esfandtv ,buukillah,Jkane docCBT,0
2023-01-28 23:30:57,esfandtv ,kaboom_info,Drake Good job,0
2023-01-28 23:31:00,esfandtv ,waffleboiiii,Pog dono,0
2023-01-28 23:31:01,esfandtv ,zellitan,Drake,0
2023-01-28 23:31:02,esfandtv ,govncheese,WOOOOO KEEP GOING,0
2023-01-28 23:31:04,esfandtv ,serapis_ammon,hell yeah buddy,0
2023-01-28 23:31:06,esfandtv ,niivid,nice dude,0
2023-01-28 23:31:06,esfandtv ,buukillah,Volt_GO docCBT,0
2023-01-28 23:31:08,esfandtv ,fozenoh,BuuKillah dankHug,0
2023-01-28 23:31:16,esfandtv ,buukillah,"@Fozenoh, TriHuggo",0
2023-01-28 23:31:16,esfandtv ,ogsheen,@grannynonny what they did to pala?,0
2023-01-28 23:31:28,esfandtv ,rida220,watch me GIGACHAD,0
2023-01-28 23:31:33,esfandtv ,buukillah,$afk bejj,0
2023-01-28 23:31:34,esfandtv ,supibot,buukillah is now AFK: bejj,0
2023-01-28 23:31:37,esfandtv ,mahangm,ISAAC GIGACHAD,0
2023-01-28 23:31:37,esfandtv ,grannynonny,@OGSheen No seal twisting and Ret DPS is AWFUL Sadge,0
2023-01-28 23:31:41,esfandtv ,yippykaiyay322,esfandPls,0
2023-01-28 23:31:45,esfandtv ,yippykaiyay322,$cookie,0
2023-01-28 23:31:46,esfandtv ,supibot,"yippykaiyay322, You already opened or gifted a fortune cookie today. You can get another one at midnight UTC, which is in 4h, 28m.",0
2023-01-28 23:31:51,esfandtv ,yippykaiyay322,$horoscope,0
2023-01-28 23:31:53,esfandtv ,supibot,"yippykaiyay322, Your Aries horoscope for today: Positive thinking can change the world, and you could do with some today. No matter how tough the going gets, take it in your stride, says Ganesha. If you think you can do it, you will. You have the magic touch today to initiate a new business strategy.",0
2023-01-28 23:31:58,esfandtv ,zay_ih,Comfi,0
2023-01-28 23:31:59,esfandtv ,arcsilin,Prot is good tho LOL,0
2023-01-28 23:32:06,esfandtv ,atrickee_,EASY! You filthy casual @EsfandTV,0
2023-01-28 23:32:10,esfandtv ,yippykaiyay322,MorphinTime esfandPls MorphinTime,0
2023-01-28 23:32:12,esfandtv ,angeltwothree,$horoscope,0
2023-01-28 23:32:13,esfandtv ,supibot,"angeltwothree, You don't have a birthday set up! Either set up your birthday with ""$set birthday (birthday)"" to automatically use your zodiac sign, or use a zodiac sign directly.",0
2023-01-28 23:32:14,esfandtv ,arcsilin,And Holy PALA iS Bis Healer,0
2023-01-28 23:32:16,esfandtv ,koominator,NODDERS,0
2023-01-28 23:32:17,esfandtv ,bogusbutt,$cookie,0
2023-01-28 23:32:19,esfandtv ,supibot,"bogusbutt, Your daily cookie: You will be rewarded for being a good listener in the next week.",0
2023-01-28 23:32:22,esfandtv ,arcsilin,and ret is good in last phase,0
2023-01-28 23:32:23,esfandtv ,devilcecil,I could have saved you earlier,0
2023-01-28 23:32:26,esfandtv ,sweetiepie2487,$cookie,0
2023-01-28 23:32:27,esfandtv ,jankovalsky,when ICC comes out?,0
2023-01-28 23:32:27,esfandtv ,supibot,"sweetiepie2487, Your daily cookie: Lend your money and lose your friend.",0
2023-01-28 23:32:33,esfandtv ,arcsilin,unfortunaty,0
2023-01-28 23:32:34,esfandtv ,ogsheen,yeah I understand,0
2023-01-28 23:32:34,esfandtv ,angeltwothree,$set birthday (april 21),0
2023-01-28 23:32:34,esfandtv ,supibot,"angeltwothree, Date could not be parsed! Use the MM-DD format (e.g.: 05-01 for May 1st) if in doubt.",0
2023-01-28 23:32:38,esfandtv ,grannynonny,Esfand rightfully on strike NODDERS,0
2023-01-28 23:32:41,esfandtv ,fuzzybeard90,esfandExplaining,0
2023-01-28 23:32:42,esfandtv ,mahangm,dead space has 2 novels as well as far as i can remember,0
2023-01-28 23:32:44,esfandtv ,asteriamateria,OMEGALAUGHING  󠀀,0
2023-01-28 23:32:46,esfandtv ,koominator,LULW,0
2023-01-28 23:32:48,esfandtv ,gillyp01,Jebaited,0
2023-01-28 23:32:50,esfandtv ,shonuff_,LULW,0
2023-01-28 23:32:50,esfandtv ,rei_u0,OMEGALUL,0
2023-01-28 23:32:51,esfandtv ,bohdan_trojan,LUL,0
2023-01-28 23:32:51,esfandtv ,arcsilin,not Bis or S tier,0
2023-01-28 23:32:51,esfandtv ,nsufferable,cohhBoom,0
2023-01-28 23:32:51,esfandtv ,kornet69,CAUTION,0
2023-01-28 23:32:51,esfandtv ,angeltwothree,$Set birthday (04-21),0
2023-01-28 23:32:52,esfandtv ,sir_rekt,Nuked self LUL,0
2023-01-28 23:32:53,esfandtv ,asteriamateria,kekw CAUTION,0
2023-01-28 23:32:55,esfandtv ,ericonda3,"I main ret and I keep saying the same thing, this 2p reset isnt going to make us insane all of a sudden",0
2023-01-28 23:33:02,esfandtv ,mixinsoda101,me too,0
2023-01-28 23:33:03,esfandtv ,gillyp01,NotLikeThis NotLikeThis NotLikeThis,0
2023-01-28 23:33:03,esfandtv ,julian_______,WFire,0
2023-01-28 23:33:03,esfandtv ,arcsilin,NOpe,0
2023-01-28 23:33:04,esfandtv ,yippykaiyay322,HypeMine,0
2023-01-28 23:33:04,esfandtv ,angeltwothree,$horoscope,0
2023-01-28 23:33:06,esfandtv ,genisyys_,wait you just wiped LULW,0
2023-01-28 23:33:06,esfandtv ,supibot,"angeltwothree, You don't have a birthday set up! Either set up your birthday with ""$set birthday (birthday)"" to automatically use your zodiac sign, or use a zodiac sign directly.",0
2023-01-28 23:33:08,esfandtv ,arcsilin,it sucks dank,0
2023-01-28 23:33:09,esfandtv ,angeltwothree,wtf,0
2023-01-28 23:33:13,esfandtv ,sweetiepie2487,WFire,0
2023-01-28 23:33:18,esfandtv ,mahangm,shoot the nuke KKona Clap,0
2023-01-28 23:33:22,esfandtv ,yippykaiyay322,PowerUpR,0
2023-01-28 23:33:25,esfandtv ,angeltwothree,$set birthday (04-21),0
2023-01-28 23:33:26,esfandtv ,supibot,"angeltwothree, Date could not be parsed! Use the MM-DD format (e.g.: 05-01 for May 1st) if in doubt.",0
2023-01-28 23:33:30,esfandtv ,pstar1,Who knew repairing a nuclear warhead would be so complicated?,0
2023-01-28 23:33:31,esfandtv ,arcsilin,yeah seal twisting was so fun,0
2023-01-28 23:33:34,esfandtv ,ericonda3,"seal twisting was an art, now we just spam buttons",0
2023-01-28 23:33:35,esfandtv ,mixinsoda101,:cigarette: what's up,0
2023-01-28 23:33:39,esfandtv ,angeltwothree,$set birthday 04-21,0
2023-01-28 23:33:39,esfandtv ,supibot,"angeltwothree, Successfully set your birthday to April 21st.",0
2023-01-28 23:33:41,esfandtv ,thegummibearmassacre,Ret Sadge,0
2023-01-28 23:33:42,esfandtv ,grannynonny,I didn't enjoy Wrath the first time around so meh LUL,0
2023-01-28 23:33:48,esfandtv ,angeltwothree,$horoscope,0
2023-01-28 23:33:49,esfandtv ,supibot,"angeltwothree, Your Taurus horoscope for today: The time you previously spent on certain activities may not yield results as expected, predicts Ganesha. You will be reluctant to travel today. Your may find yourself wanting more space and freedom of expression. A stroll with your sweetheart, hand in hand, may be the highlight of your day, says Ganesha.",0
2023-01-28 23:33:53,esfandtv ,fuzzybeard90,AAAAAAA,0
2023-01-28 23:34:03,esfandtv ,mahangm,monkaS,0
2023-01-28 23:34:05,esfandtv ,fuzzybeard90,chat im scared peepoS,0
2023-01-28 23:34:10,esfandtv ,mahangm,dont shoot their thingy monkaS,0
2023-01-28 23:34:12,esfandtv ,devilcecil,that space you're laziness,0
2023-01-28 23:34:24,esfandtv ,xhashbanditx,gachiHYPER,0
2023-01-28 23:34:25,esfandtv ,ytbotgaming,it broken,0
2023-01-28 23:34:26,esfandtv ,fuzzybeard90,gachiW,0
2023-01-28 23:34:27,esfandtv ,mahangm,@Fuzzybeard90 we are all going to die FeelsOkayMan,0
2023-01-28 23:34:28,esfandtv ,sargeangel,8.1,0
2023-01-28 23:34:30,esfandtv ,htmlb0ss,YEAHBUT7TV,0
2023-01-28 23:34:31,esfandtv ,angeltwothree,too big,0
2023-01-28 23:34:31,esfandtv ,bundooa,prot paladin in MOP danse vengeance,0
2023-01-28 23:34:33,esfandtv ,fuzzybeard90,@MahanGM YEP,0
2023-01-28 23:34:34,esfandtv ,arcsilin,the gearscore stuff in wotlk can be kinda aids topo,0
2023-01-28 23:34:41,esfandtv ,peon501,out of juce,0
2023-01-28 23:34:41,esfandtv ,muckspreads,gachiGASM,0
2023-01-28 23:34:44,esfandtv ,ogsheen,@grannynonny which class/spec perform well in wotlk arena rn? I didnt played a single games haha! idk if you know,0
2023-01-28 23:34:45,esfandtv ,fuzzybeard90,MOP was bis wow danse,0
2023-01-28 23:35:15,esfandtv ,fuzzybeard90,so spooky peepoScared,0
2023-01-28 23:35:31,esfandtv ,arcsilin,YEET,0
2023-01-28 23:35:31,esfandtv ,ericonda3,yeet,0
2023-01-28 23:35:47,esfandtv ,rippedkami,yeet it on the nuke,0
2023-01-28 23:35:50,esfandtv ,grannynonny,@OGSheen In arena? No idea.. I should be watching more Grayson but family is very busy lately monkaS I have heard that DK are just overwhelming in damage everywhere though,0
2023-01-28 23:35:51,esfandtv ,angeltwothree,is this remake built from the ground up or do they take a lot of assets from the OG game and update it with modern textures,0
2023-01-28 23:35:56,esfandtv ,devilcecil,13 reasons you should still listen to the main guy 27 times,0
2023-01-28 23:36:04,esfandtv ,devilcecil,mean antagonist,0
2023-01-28 23:36:05,esfandtv ,sethyrin,Caution. :warning: Warhead unstable. :fire: Contain all explosive materials. :collision:,0
2023-01-28 23:36:07,esfandtv ,nsufferable,exemClap,0
2023-01-28 23:36:08,esfandtv ,arcsilin,yea it sucks cuz u love wow so much\,0
2023-01-28 23:36:11,esfandtv ,angeltwothree,ah cool,0
2023-01-28 23:36:11,esfandtv ,ogsheen,thanks I will check it out,0
2023-01-28 23:36:29,esfandtv ,devilcecil,@arcsilin @arcsilin @arcsilin @arcsilin @arcsilin @arcsilin @arcsilin @arcsilin,0
2023-01-28 23:36:39,esfandtv ,genisyys_,monkaS,0
2023-01-28 23:36:41,esfandtv ,tuco30,hey esfand hope your days going well <,0
2023-01-28 23:36:44,esfandtv ,tuco30,<3,0
2023-01-28 23:36:44,esfandtv ,rippedkami,meanwhile somewhere in japan*,0
2023-01-28 23:36:47,esfandtv ,pstar1,Hmm,0
2023-01-28 23:36:55,esfandtv ,mahangm,soon you will know why they had a nuke pepeY,0
2023-01-28 23:37:04,esfandtv ,arcsilin,@Devilcecil ?,0
2023-01-28 23:37:06,esfandtv ,ytbotgaming,idk why but i seeing two suns in the sky,0
2023-01-28 23:37:11,esfandtv ,arcsilin,im quitting after wotlk,0
2023-01-28 23:37:13,esfandtv ,tuco30,are you going to play DS 2 and 3? or have you played it beofre ?,0
2023-01-28 23:37:20,esfandtv ,arcsilin,eats up so much of my time,0
2023-01-28 23:37:21,esfandtv ,streamelements,Post top tier content to my subreddit https://reddit.com/r/esfandtv,0
2023-01-28 23:37:21,esfandtv ,fozenoh,ytbotgaming Concerned,0
2023-01-28 23:37:22,esfandtv ,serapis_ammon,"we will make a better mmo than wow, together",0
2023-01-28 23:37:23,esfandtv ,ollie___________,are they doing cata?,0
2023-01-28 23:37:31,esfandtv ,grannynonny,Classic Plus Prayge Classic with new stuff Prayge,0
2023-01-28 23:37:36,esfandtv ,angeltwothree,are they gonna keep doing classic wow till they get to Warlords of draenor etc ?,0
2023-01-28 23:37:36,esfandtv ,gavrodtv,gonna go back to retail?,0
2023-01-28 23:37:41,esfandtv ,mahangm,monkaW,0
2023-01-28 23:37:47,esfandtv ,daunted_mist,that was badass,0
2023-01-28 23:37:51,esfandtv ,juiceboxjam912,just find another new mmo game and move your guild there 5head,0
2023-01-28 23:37:59,esfandtv ,vanguard771,If you store weapons you will not longer pick up ammo for them,0
2023-01-28 23:38:02,esfandtv ,serapis_ammon,wow will make ur pp small,0
2023-01-28 23:38:02,esfandtv ,mahangm,the gun play is so good in the remake,0
2023-01-28 23:38:11,esfandtv ,devilcecil,@serapis_ammon,0
2023-01-28 23:38:15,esfandtv ,tuco30,are you gonna play deadspace 2 and 3? or have you played them before? @EsfandTV,0
2023-01-28 23:38:16,esfandtv ,sargeangel,but thatd be gta lol,0
2023-01-28 23:38:16,esfandtv ,devilcecil,gym fuuny,0
2023-01-28 23:38:17,esfandtv ,grannynonny,Variety gaming and IRL and fun! esfandH,0
2023-01-28 23:38:22,esfandtv ,angeltwothree,time to switch to ff14,0
2023-01-28 23:38:22,esfandtv ,mahangm,aiming in ds1 was such a pain pepeW,0
2023-01-28 23:38:28,esfandtv ,serapis_ammon,@Devilcecil,0
2023-01-28 23:38:31,esfandtv ,retpaladinbot,@EsfandTV - lesspinions just subscribed using Prime Pog,0
2023-01-28 23:38:44,esfandtv ,faze_zaz420,asmon bummin me out so i'm here,0
2023-01-28 23:38:47,esfandtv ,vanguard771,What if it is not fun but GREAT for stream like oil wrestling with the bros?,0
2023-01-28 23:38:49,esfandtv ,faze_zaz420,thank you for what you do esfand,0
2023-01-28 23:38:52,esfandtv ,rippedkami,Put a bathtub in the room,0
2023-01-28 23:38:53,esfandtv ,muckspreads,@EsfandTV so hot tub stream? Pog,0
2023-01-28 23:39:07,esfandtv ,mahangm,peepoS,0
2023-01-28 23:39:10,esfandtv ,mahangm,RUN peepoS,0
2023-01-28 23:39:16,esfandtv ,thegummibearmassacre,monkaW,0
2023-01-28 23:39:20,esfandtv ,daunted_mist,oh shit theyre zoomin,0
2023-01-28 23:39:23,esfandtv ,faze_zaz420,@Muckspreads Gayge,0
2023-01-28 23:39:25,esfandtv ,daunted_mist,OMEGALUL,0
2023-01-28 23:39:25,esfandtv ,bryan_505,LMAOOOOOOOOOO,0
2023-01-28 23:39:26,esfandtv ,grannynonny,Did you damage their hands?,0
2023-01-28 23:39:27,esfandtv ,shonuff_,LULW,0
2023-01-28 23:39:27,esfandtv ,sir_rekt,LUL,0
2023-01-28 23:39:28,esfandtv ,savagetarzan,OMEGALAUGHING,0
2023-01-28 23:39:28,esfandtv ,bundooa,kekw,0
2023-01-28 23:39:28,esfandtv ,mahangm,LULW,0
2023-01-28 23:39:30,esfandtv ,nsufferable,exemEGALUL,0
2023-01-28 23:39:31,esfandtv ,sethyrin,your... what?,0
2023-01-28 23:39:36,esfandtv ,thegummibearmassacre,LOLLL,0
2023-01-28 23:39:36,esfandtv ,grannynonny,ESFAND!,0
2023-01-28 23:39:36,esfandtv ,daunted_mist,LUL,0
2023-01-28 23:39:37,esfandtv ,uneik,NOOO,0
2023-01-28 23:39:38,esfandtv ,mahangm,zoomer necromorphs monkaW,0
2023-01-28 23:39:41,esfandtv ,faze_zaz420,esfandFlip xddflippingonxddentge,0
2023-01-28 23:39:41,esfandtv ,muckspreads,OMEGALUL,0
2023-01-28 23:39:41,esfandtv ,peter_hexen,Sadeg,0
2023-01-28 23:39:42,esfandtv ,faze_zaz420,esfandFlip xddflippingonxddentge esfandFlip xddflippingonxddentge,0
2023-01-28 23:39:43,esfandtv ,angeltwothree,MY LEGGG ! - spongebob fish,0
2023-01-28 23:39:43,esfandtv ,xconstantine1337x,Yikers,0
2023-01-28 23:39:54,esfandtv ,azrakos,4D GAMING BatChest,0
2023-01-28 23:39:54,esfandtv ,grannynonny,PepoG send chapstick,0
2023-01-28 23:39:58,esfandtv ,fozenoh,xddflippingonxddentge,0
2023-01-28 23:40:12,esfandtv ,nsufferable,this immersion would work so well in VR esfand,0
2023-01-28 23:40:15,esfandtv ,3datmodels,esfandStare,0
2023-01-28 23:40:16,esfandtv ,genisyys_,xddflippingonxddentge,0
2023-01-28 23:40:20,esfandtv ,zellitan,xddflippingonxddentge,0
2023-01-28 23:40:22,esfandtv ,grannynonny,Dehydrated?,0
2023-01-28 23:40:24,esfandtv ,serapis_ammon,need some H2o,0
2023-01-28 23:40:31,esfandtv ,kaboom_info,OMEGALUL,0
2023-01-28 23:40:32,esfandtv ,poisonworm,xddflippingonxddentge is so bad,0
2023-01-28 23:40:32,esfandtv ,uneik,xddflippingonxddentge,0
2023-01-28 23:40:32,esfandtv ,genisyys_,LULW,0
2023-01-28 23:40:33,esfandtv ,koominator,OMEGALUL,0
2023-01-28 23:40:34,esfandtv ,peter_hexen,xddflippingonxddentge,0
2023-01-28 23:40:34,esfandtv ,mahangm,pepeLaugh,0
2023-01-28 23:40:35,esfandtv ,kaboom_info,Who added xdd,0
2023-01-28 23:40:36,esfandtv ,caruro,xddflippingonxddentge,0
2023-01-28 23:40:37,esfandtv ,genisyys_,xddflippingonxddentge,0
2023-01-28 23:40:37,esfandtv ,sargeangel,KEKW,0
2023-01-28 23:40:37,esfandtv ,zellitan,I got something that can help docCBT,0
2023-01-28 23:40:38,esfandtv ,daunted_mist,LUL,0
2023-01-28 23:40:39,esfandtv ,zellitan,xddflippingonxddentge,0
2023-01-28 23:40:41,esfandtv ,uwuskomp,xdding,0
2023-01-28 23:40:42,esfandtv ,kaboom_info,LULW Sodda emote,0
2023-01-28 23:40:42,esfandtv ,fozenoh,Esfand do this IRL xddflippingonxddentge,0
2023-01-28 23:40:42,esfandtv ,zellitan,xddflippingonxddentge  xddflippingonxddentge  xddflippingonxddentge  xddflippingonxddentge  xddflippingonxddentge  xddflippingonxddentge  xddflippingonxddentge  xddflippingonxddentge  xddflippingonxddentge  xddflippingonxddentge  xddflippingonxddentge  xddflippingonxddentge  xddflippingonxddentge  xddflippingonxddentge  xddflippingonxddentge  xddflippingonxddentge  xddflippingonxddentge  xddflippingonxddentge,0
2023-01-28 23:40:42,esfandtv ,kevwiches,xdding,0
2023-01-28 23:40:43,esfandtv ,waffleboiiii,xddflippingonxddentge mad?,0
2023-01-28 23:40:44,esfandtv ,azrakos,xddflippingonxddentge,0
2023-01-28 23:40:46,esfandtv ,vanguard771,xddflippingonxddentge,0
2023-01-28 23:40:46,esfandtv ,kevwiches,xddflippingonxddentge,0
2023-01-28 23:40:46,esfandtv ,uneik,xddflippingonxddentge  󠀀,0
2023-01-28 23:40:46,esfandtv ,peter_hexen,xddflippingonxddentge TeaTime,0
2023-01-28 23:40:48,esfandtv ,angeltwothree,xddflippingonxddentge LAST SPAM,0
2023-01-28 23:40:49,esfandtv ,uneik,u mad ? xddflippingonxddentge,0
2023-01-28 23:40:53,esfandtv ,kaboom_info,xddflippingonxddentge mad?  xddflippingonxddentge mad?  xddflippingonxddentge mad?  xddflippingonxddentge mad?  xddflippingonxddentge mad?  xddflippingonxddentge mad?  xddflippingonxddentge mad?,0
2023-01-28 23:40:55,esfandtv ,nicholasw458,xdding,0
2023-01-28 23:41:01,esfandtv ,willdragons,pilzk emote OMEGALULiguess,0
2023-01-28 23:41:02,esfandtv ,teleprompte,xdding xdding,0
2023-01-28 23:41:04,esfandtv ,daunted_mist,xddflippingonxddentge,0
2023-01-28 23:41:04,esfandtv ,kekkokeeko,xddflippingonxddentge xddflippingonxddentge xddflippingonxddentge xddflippingonxddentge xddflippingonxddentge xddflippingonxddentge,0
2023-01-28 23:41:11,esfandtv ,nsufferable,catsenLoot,0
2023-01-28 23:41:13,esfandtv ,juiceboxjam912,xddflippingonxddentge might as well,0
2023-01-28 23:41:14,esfandtv ,felipells,xdding pillz chat,0
2023-01-28 23:41:15,esfandtv ,grannynonny,xddflippingonxddentge xddflippingonxddentge xddflippingonxddentge xddflippingonxddentge xddflippingonxddentge xddflippingonxddentge,0
2023-01-28 23:41:18,esfandtv ,kaboom_info,xddflippingonxddentge hehe  xddflippingonxddentge hehe  xddflippingonxddentge hehe  xddflippingonxddentge hehe  xddflippingonxddentge hehe  xddflippingonxddentge hehe  xddflippingonxddentge hehe,0
2023-01-28 23:41:22,esfandtv ,pilzkman,OMEGALUL,0
2023-01-28 23:41:30,esfandtv ,scarecro0w,xddflippingonxddentge,0
2023-01-28 23:41:33,esfandtv ,mahangm,pilz is here PagMan,0
2023-01-28 23:41:35,esfandtv ,peter_hexen,xddflippingonxddentge weeee,0
2023-01-28 23:41:37,esfandtv ,pilzkman,xddflippingonxddentge,0
2023-01-28 23:41:39,esfandtv ,scarecro0w,xdding xddflippingonxddentge xdding xddflippingonxddentge xdding xddflippingonxddentge xdding xddflippingonxddentge xdding xddflippingonxddentge xdding xddflippingonxddentge,0
2023-01-28 23:41:44,esfandtv ,danielsauces,I hate this xddflippingonxddentge,0
2023-01-28 23:41:47,esfandtv ,fozenoh,xdding cant touch this,0
2023-01-28 23:41:49,esfandtv ,bryan_505,Jackass,0
2023-01-28 23:41:50,esfandtv ,peter_hexen,xddflippingonxddentge I don't like this at all,0
2023-01-28 23:41:50,esfandtv ,daunted_mist,not for long,0
2023-01-28 23:41:51,esfandtv ,pilzkman,xddflippingonxddentge yo esfand how u doin bb xx,0
2023-01-28 23:41:54,esfandtv ,sargeangel,well he was,0
2023-01-28 23:41:55,esfandtv ,danielsauces,Like really fuqin hate it,0
2023-01-28 23:41:55,esfandtv ,kaboom_info,xddflippingonxddentge YESSS KILL HIM,0
2023-01-28 23:41:56,esfandtv ,zura_janai_katsura__da,xddflippingonxddentge,0
2023-01-28 23:41:57,esfandtv ,scarecro0w,xdding xddflippingonxddentge last spam xdding xddflippingonxddentge last spam xdding xddflippingonxddentge last spam xdding xddflippingonxddentge last spam xdding xddflippingonxddentge last spam xdding xddflippingonxddentge last spam xdding xddflippingonxddentge last spam,0
2023-01-28 23:41:59,esfandtv ,kngrsm,lmao,0
2023-01-28 23:42:02,esfandtv ,nsufferable,catsenD,0
2023-01-28 23:42:05,esfandtv ,thegodmother,xddflippingonxddentge,0
2023-01-28 23:42:07,esfandtv ,uneik,u mad ? xddflippingonxddentge  󠀀,0
2023-01-28 23:42:08,esfandtv ,snatchsneeze,you MONSTER,0
2023-01-28 23:42:09,esfandtv ,kaboom_info,xddflippingonxddentge YESSS KILL HIM ELD IT,0
2023-01-28 23:42:13,esfandtv ,grannynonny,Careful of hands!,0
2023-01-28 23:42:16,esfandtv ,fozenoh,"xddflippingonxddentge esfand, arenas?",0
2023-01-28 23:42:16,esfandtv ,grannynonny,For whatever reason,0
2023-01-28 23:42:17,esfandtv ,retpaladinbot,@EsfandTV - supergamerguy86 just resubbed at Tier 1 for 13 months PagMan,0
2023-01-28 23:42:21,esfandtv ,serapis_ammon,that was my buddy :(,0
2023-01-28 23:42:22,esfandtv ,pilzkman,just got the news that i won another scholarship Okayeg,0
2023-01-28 23:42:22,esfandtv ,ytbotgaming,only necromorphs drop loot,0
2023-01-28 23:42:27,esfandtv ,sorenvael,oh hes alive hes alive *continues to gutter stomp him* lol,0
2023-01-28 23:42:31,esfandtv ,zura_janai_katsura__da,xddflippingonxddentge 󠀀,0
2023-01-28 23:42:34,esfandtv ,kaboom_info,xddflippingonxddentge MEET ME IRL I WILL DROP YOUR ASS,0
2023-01-28 23:42:34,esfandtv ,bundooa,LULW,0
2023-01-28 23:42:34,esfandtv ,3datmodels,deadspace 2 looks as good as this game?,0
2023-01-28 23:42:35,esfandtv ,peter_hexen,xddflippingonxddentge is not,0
2023-01-28 23:42:35,esfandtv ,shonuff_,LULW,0
2023-01-28 23:42:36,esfandtv ,dr_11,xdding :chicken: CHICKEN xdding :chicken: CHICKEN xdding :chicken: CHICKEN xdding :chicken: CHICKEN xdding :chicken: CHICKEN xdding :chicken: CHICKEN xdding :chicken: CHICKEN xdding :chicken: CHICKEN xdding :chicken: CHICKEN xdding :chicken: CHICKEN,0
2023-01-28 23:42:37,esfandtv ,kekkokeeko,xddflippingonxddentge,0
2023-01-28 23:42:37,esfandtv ,sargeangel,NODDERS tectone is not funny,0
2023-01-28 23:42:39,esfandtv ,thegodmother,pilzkman PagMan congrats! esfandL peepoDankBlush,0
2023-01-28 23:42:39,esfandtv ,grannynonny,@pilzkman esfandH esfandH esfandH esfandH esfandH esfandH esfandH esfandL esfandL esfandL esfandL esfandL esfandL esfandL esfandL esfandL esfandL,0
2023-01-28 23:42:44,esfandtv ,kevwiches,xddflippingonxddentge,0
2023-01-28 23:42:45,esfandtv ,peter_hexen,kekw,0
2023-01-28 23:42:47,esfandtv ,kaboom_info,xddflippingonxddentge MEET ME IRL I WILL DROP YOUR ASS esfando,0
2023-01-28 23:42:47,esfandtv ,fozenoh,xddflippingonxddentge by the flagpole after stream?,0
2023-01-28 23:42:53,esfandtv ,thegummibearmassacre,weird xd people NotLikeThis,0
2023-01-28 23:42:53,esfandtv ,vanguard771,It's funny because it's garbage,0
2023-01-28 23:42:54,esfandtv ,slavkodem,hobbHi,0
2023-01-28 23:42:58,esfandtv ,c_shocker,xdding xdding xddflippingonxddentge xdding xdding,0
2023-01-28 23:42:59,esfandtv ,fozenoh,xddflippingonxddentge vp,0
2023-01-28 23:42:59,esfandtv ,scarecro0w,xddflippingonxddentge Approve xddflippingonxddentge Approve xddflippingonxddentge Approve xddflippingonxddentge Approve,0
2023-01-28 23:42:59,esfandtv ,kekkokeeko,problem? xddflippingonxddentge,0
2023-01-28 23:43:05,esfandtv ,dr_11,let chat have fun 4Weird,0
2023-01-28 23:43:05,esfandtv ,mjedzi1028,madsWave,0
2023-01-28 23:43:06,esfandtv ,zellitan,xddflippingonxddentge  xddflippingonxddentge  xddflippingonxddentge  xddflippingonxddentge,0
2023-01-28 23:43:07,esfandtv ,pilzkman,@TheGodmother thanks Okayge,0
2023-01-28 23:43:10,esfandtv ,itzjuggy,"its a bad emote, but that's what makes it good xdding",0
2023-01-28 23:43:15,esfandtv ,cuttyriver420,hi esfand and chat crystFlower crystFlower crystFlower cyrL cyrL cyrL cyrL cyrL cyrL,0
2023-01-28 23:43:16,esfandtv ,h_u_r_k_,xdding,0
2023-01-28 23:43:25,esfandtv ,zellitan,xddflippingonxddentge  xddflippingonxddentge  xddflippingonxddentge  xddflippingonxddentge  xddflippingonxddentge,0
2023-01-28 23:43:33,esfandtv ,joongi_,xddflippingonxddentge HALT Stop using me,0
2023-01-28 23:43:34,esfandtv ,h_u_r_k_,DICKS,0
2023-01-28 23:43:34,esfandtv ,nsufferable,now we cooking,0
2023-01-28 23:43:34,esfandtv ,pilzkman,the beauty is in the lack thereof,0
2023-01-28 23:43:34,esfandtv ,threinen,monkaW Esfand u good?,0
2023-01-28 23:43:35,esfandtv ,kaboom_info,xddflippingonxddentge hehe murder,0
2023-01-28 23:43:37,esfandtv ,niivid,surgery of the future,0
2023-01-28 23:43:37,esfandtv ,zellitan,esfandBust,0
2023-01-28 23:43:39,esfandtv ,serapis_ammon,i'm hungry,0
2023-01-28 23:43:41,esfandtv ,cuttyriver420,cyrL,0
2023-01-28 23:43:45,esfandtv ,pilzkman,Kreygasm,0
2023-01-28 23:43:45,esfandtv ,jaylue_,sounds nice,0
2023-01-28 23:43:45,esfandtv ,c_shocker,xdding PokiShare,0
2023-01-28 23:43:45,esfandtv ,sorenvael,"jesus isnt this like ""mutilation of a corpse"" or something, ya nasty",0
2023-01-28 23:43:47,esfandtv ,uneik,xddflippingonxddentge hehe,0
2023-01-28 23:43:48,esfandtv ,sargeangel,sounds like when i'm mashing it,0
2023-01-28 23:43:51,esfandtv ,mmelloon,"""chest"" nuts roasting on an open fire",0
2023-01-28 23:43:52,esfandtv ,fozenoh,xdding cant get rid of me,0
2023-01-28 23:44:01,esfandtv ,koominator,LETSGOOO KILL,0
2023-01-28 23:44:16,esfandtv ,kaboom_info,xddflippingonxddentge I WILL BE IN YORU SLEEPS  xddflippingonxddentge I WILL BE IN YORU SLEEPS  xddflippingonxddentge I WILL BE IN YORU SLEEPS  xddflippingonxddentge I WILL BE IN YORU SLEEPS  xddflippingonxddentge I WILL BE IN YORU SLEEPS,0
2023-01-28 23:44:19,esfandtv ,pilzkman,is this animal crossing,0
2023-01-28 23:44:20,esfandtv ,joongi_,xddflippingonxddentge notL Esfand look at this,0
2023-01-28 23:44:23,esfandtv ,zay_ih,MEGALUL,0
2023-01-28 23:44:29,esfandtv ,faze_zaz420,cockapoo,0
2023-01-28 23:44:31,esfandtv ,pilzkman,PagMan 2,0
2023-01-28 23:44:34,esfandtv ,cuttyriver420,Pog,0
2023-01-28 23:44:41,esfandtv ,sorenvael,"@pilzkman laughed way too hard at that, thank you",0
2023-01-28 23:44:43,esfandtv ,hikikomorphi,fuck animal crossing sounds fun,0
2023-01-28 23:44:43,esfandtv ,kaboom_info,PogU,0
2023-01-28 23:44:46,esfandtv ,sargeangel,everyone justy checked their steam KEKW,0
2023-01-28 23:44:52,esfandtv ,bogusbutt,esfandShowingYou xdding,0
2023-01-28 23:44:52,esfandtv ,joongi_,"I still find funny ""Electric boogaloo"" and idk why kekw",0
2023-01-28 23:44:52,esfandtv ,willdragons,$truck @Fozenoh,0
2023-01-28 23:44:53,esfandtv ,c_shocker,xddflippingonxddentge esfandShowingYou,0
2023-01-28 23:44:53,esfandtv ,supibot,You truck Fozenoh into bed with the power of a V8 engine KKonaW :backhand_index_pointing_right::bed::delivery_truck:,0
2023-01-28 23:44:54,esfandtv ,kaboom_info,Stream Friend LULW,0
2023-01-28 23:44:57,esfandtv ,bogusbutt,I fucked up,0
2023-01-28 23:44:59,esfandtv ,mahangm,@SargeAngel i did Sadge,0
2023-01-28 23:45:00,esfandtv ,pilzkman,Sorenvael you can say thank you by buying my onlyfans,0
2023-01-28 23:45:01,esfandtv ,nicholasw458,Man animal crossing sure has changed,0
2023-01-28 23:45:09,esfandtv ,julian_______,respond to your steam friend esfand 4Weird,0
2023-01-28 23:45:16,esfandtv ,staypuff,D: language,0
2023-01-28 23:45:17,esfandtv ,joongi_,@BogusButt Backwards LUL,0
2023-01-28 23:45:18,esfandtv ,peter_hexen,esfandShowingYou xddflippingonxddentge,0
2023-01-28 23:45:22,esfandtv ,peter_hexen,xddflippingonxddentge esfandShowingYou,0
2023-01-28 23:45:24,esfandtv ,snatchsneeze,L O L,0
2023-01-28 23:45:24,esfandtv ,fozenoh,xdding that was me.,0
2023-01-28 23:45:25,esfandtv ,catnograss,@EsfandTV Is this a Hentai game?,0
2023-01-28 23:45:25,esfandtv ,goaterino,KKonaW,0
2023-01-28 23:45:25,esfandtv ,shuggarly,the noises WutFace,0
2023-01-28 23:45:27,esfandtv ,pilzkman,u still havent added me esfand FeelsWeirdMan,0
2023-01-28 23:45:30,esfandtv ,azrakos,and?,0
2023-01-28 23:45:31,esfandtv ,thegummibearmassacre,LULW,0
2023-01-28 23:45:34,esfandtv ,kaboom_info,xddflippingonxddentge <- THAT WAS ME,0
2023-01-28 23:45:40,esfandtv ,cuttyriver420,cyrPoogers,0
2023-01-28 23:45:44,esfandtv ,pilzkman,they made a sequel to hentai PagChomp,0
2023-01-28 23:45:45,esfandtv ,firesuckertv,sodaBoop esfandShowingYou,0
2023-01-28 23:45:46,esfandtv ,cuttyriver420,cyrAYAYA,0
2023-01-28 23:45:46,esfandtv ,kaboom_info,Electric Boogalo ?,0
2023-01-28 23:45:48,esfandtv ,bogusbutt,I think I heard samuel jackson talk about hentai 2,0
2023-01-28 23:45:53,esfandtv ,pstar1,Hentai 2: Tentacle Boogaloo,0
2023-01-28 23:45:57,esfandtv ,fozenoh,I like hentai the prequel more WeirdChamp,0
2023-01-28 23:46:04,esfandtv ,sorenvael,@pilzkman lol,0
2023-01-28 23:46:05,esfandtv ,retpaladinbot,@EsfandTV - SZDwrath just resubbed at Tier 1 for 28 months PagChomp,0
2023-01-28 23:46:13,esfandtv ,shuggarly,what's hentai,0
2023-01-28 23:46:16,esfandtv ,snatchsneeze,yea the first one was overrated not enough they all had flat bread BOOBA,0
2023-01-28 23:46:16,esfandtv ,bryan_505,RalpherZ :cloud_with_lightning:,0
2023-01-28 23:46:17,esfandtv ,joongi_,xddflippingonxddentge Have you ever think about commiting terrible crimes against humanity?,0
2023-01-28 23:46:18,esfandtv ,peter_hexen,poggSpin,0
2023-01-28 23:46:23,esfandtv ,pilzkman,this game is like breaking bad without the meth and aliens and shit,0
2023-01-28 23:46:24,esfandtv ,3datmodels,@EsfandTV what armor you like most in wow ?,0
2023-01-28 23:46:29,esfandtv ,pilzkman,waltuh,0
2023-01-28 23:46:30,esfandtv ,kekkokeeko,stasis on electricity LULW,0
2023-01-28 23:46:32,esfandtv ,joongi_,xddflippingonxddentge Me neither hehe,0
2023-01-28 23:46:32,esfandtv ,kaboom_info,xddflippingonxddentge Will you join our world takeover,0
2023-01-28 23:46:37,esfandtv ,thegummibearmassacre,$weather Austin,0
2023-01-28 23:46:38,esfandtv ,supibot,"thegummibearmassacre, Austin, TX, USA (now): :fog: 15.63°C, feels like 15.7°C. Cloud cover: 100%. SSW wind speed: 3.09 m/s. No wind gusts. Humidity: 94%. No precipitation right now. Air pressure: 1015 hPa. Sun sets in 4h, 17m.",0
2023-01-28 23:46:40,esfandtv ,c_shocker,xdding WineSip,0
2023-01-28 23:46:45,esfandtv ,fozenoh,3datmodels ogre loincloth,0
2023-01-28 23:46:50,esfandtv ,zellitan,xddflippingonxddentge,0
2023-01-28 23:47:06,esfandtv ,hikikomorphi,NOIDONTTHINKSO,0
2023-01-28 23:47:07,esfandtv ,imataka12,"@Supibot We speak American here, son. Put that in freedom units. KKona",0
2023-01-28 23:47:08,esfandtv ,staypuff,mo :),0
2023-01-28 23:47:08,esfandtv ,yusniff,fuck you,0
2023-01-28 23:47:10,esfandtv ,mjf,hell no,0
2023-01-28 23:47:10,esfandtv ,kaboom_info,xddflippingonxddentge I am a bad person,0
2023-01-28 23:47:11,esfandtv ,staypuff,wait,0
2023-01-28 23:47:11,esfandtv ,pilzkman,suck my dick,0
2023-01-28 23:47:11,esfandtv ,scarecro0w,xddflippingonxddentge no,0
2023-01-28 23:47:11,esfandtv ,bryan_505,NinjaGrumpy,0
2023-01-28 23:47:12,esfandtv ,reptar_77,:) no,0
2023-01-28 23:47:13,esfandtv ,brogsy_,Clueless,0
2023-01-28 23:47:13,esfandtv ,peter_hexen,xddflippingonxddentge Tssk,0
2023-01-28 23:47:14,esfandtv ,staypuff,no :),0
2023-01-28 23:47:14,esfandtv ,joongi_,xddflippingonxddentge The no,0
2023-01-28 23:47:16,esfandtv ,grannynonny,Already subbed so terrible person Sadge,0
2023-01-28 23:47:16,esfandtv ,catnograss,its dont,0
2023-01-28 23:47:16,esfandtv ,zura_janai_katsura__da,xddflippingonxddentge,0
2023-01-28 23:47:16,esfandtv ,zoob32,i already primed esfandOkay,0
2023-01-28 23:47:17,esfandtv ,firesuckertv,Sadge good but poor,0
2023-01-28 23:47:18,esfandtv ,airimus18,how much can esfand  esfand if esfand could esfand,0
2023-01-28 23:47:19,esfandtv ,bogusbutt,1,0
2023-01-28 23:47:19,esfandtv ,imataka12,1,0
2023-01-28 23:47:20,esfandtv ,demercee,1,0
2023-01-28 23:47:21,esfandtv ,thegummibearmassacre,@imataka12 KKonaW,0
2023-01-28 23:47:21,esfandtv ,fozenoh,xdding make me,0
2023-01-28 23:47:21,esfandtv ,bryan_505,1,0
2023-01-28 23:47:21,esfandtv ,pilzkman,1,0
2023-01-28 23:47:21,esfandtv ,holsch3r,1,0
2023-01-28 23:47:21,esfandtv ,alex89514,Kappa,0
2023-01-28 23:47:22,esfandtv ,grannynonny,1,0
2023-01-28 23:47:22,esfandtv ,ytbotgaming,no,0
2023-01-28 23:47:22,esfandtv ,hikikomorphi,one,0
2023-01-28 23:47:22,esfandtv ,serapis_ammon,1,0
2023-01-28 23:47:22,esfandtv ,apraxic___giraffe,@EsfandTV but have you ever thought if youre a good person?,0
2023-01-28 23:47:22,esfandtv ,brogsy_,1,0
2023-01-28 23:47:22,esfandtv ,kaboom_info,1,0
2023-01-28 23:47:22,esfandtv ,peter_hexen,1,0
2023-01-28 23:47:22,esfandtv ,macilento12,1,0
2023-01-28 23:47:22,esfandtv ,snatchsneeze,69,0
2023-01-28 23:47:23,esfandtv ,subxevo,1,0
2023-01-28 23:47:23,esfandtv ,azrakos,1,0
2023-01-28 23:47:23,esfandtv ,memespamer,1,0
2023-01-28 23:47:23,esfandtv ,arcsilin,1,0
2023-01-28 23:47:23,esfandtv ,spitfiremkxiv,111,0
2023-01-28 23:47:23,esfandtv ,nicholasw458,1,0
2023-01-28 23:47:23,esfandtv ,vanguard771,1,0
2023-01-28 23:47:24,esfandtv ,daunted_mist,1,0
2023-01-28 23:47:24,esfandtv ,scarecro0w,xddflippingonxddentge 1,0
2023-01-28 23:47:24,esfandtv ,joongi_,xddflippingonxddentge 1,0
2023-01-28 23:47:24,esfandtv ,zardray,7,0
2023-01-28 23:47:24,esfandtv ,fozenoh,1,0
2023-01-28 23:47:25,esfandtv ,jestensawyer,1,0
2023-01-28 23:47:26,esfandtv ,cuddlewittwigs,1,0
2023-01-28 23:47:27,esfandtv ,midtrovert,1,0
2023-01-28 23:47:28,esfandtv ,cuttyriver420,lol,0
2023-01-28 23:47:28,esfandtv ,c_shocker,2,0
2023-01-28 23:47:29,esfandtv ,juiceboxjam912,1 Sadge,0
2023-01-28 23:47:30,esfandtv ,peter_hexen,kekw,0
2023-01-28 23:47:30,esfandtv ,shaka501,2,0
2023-01-28 23:47:31,esfandtv ,kaboom_info,xddflippingonxddentge 1,0
2023-01-28 23:47:32,esfandtv ,mrspacepirate7,1,0
2023-01-28 23:47:33,esfandtv ,3datmodels,what does twitch prime do? im new to twitch i dont get it,0
2023-01-28 23:47:35,esfandtv ,mahangm,monkaS,0
2023-01-28 23:47:38,esfandtv ,pilzkman,i committed several war crimes,0
2023-01-28 23:47:48,esfandtv ,gillyp01,WutFace,0
2023-01-28 23:47:52,esfandtv ,shmoopee,That is the first time in a long time you asked for primes! FeelsStrongMan he's remembering how to be a streamer,0
2023-01-28 23:47:55,esfandtv ,grannynonny,@3datmodels Free sub to your favorite channel when you link your Amazon accoutn to your Twitch account,0
2023-01-28 23:47:56,esfandtv ,mahangm,he's dead pepeLaugh,0
2023-01-28 23:47:57,esfandtv ,hikikomorphi,music scarier than game peepoS,0
2023-01-28 23:47:57,esfandtv ,angeltwothree,@3datmodels gives you optimus prime emotes,0
2023-01-28 23:47:59,esfandtv ,bogusbutt,twitch Rime,0
2023-01-28 23:48:01,esfandtv ,staypuff,BURN THE HERETIC,0
2023-01-28 23:48:02,esfandtv ,dr_11,Chat type BillyApprove if you got a dirty dick and dont care,0
2023-01-28 23:48:03,esfandtv ,yusniff,monkaS,0
2023-01-28 23:48:04,esfandtv ,bryan_505,Flashback,0
2023-01-28 23:48:06,esfandtv ,fozenoh,3datmodels its like free sub if you have  amazon prime  I think.,0
2023-01-28 23:48:06,esfandtv ,vanguard771,"panic ""fire""ing",0
2023-01-28 23:48:09,esfandtv ,thegummibearmassacre,RUN monkaW,0
2023-01-28 23:48:10,esfandtv ,fozenoh,BillyApprove,0
2023-01-28 23:48:11,esfandtv ,nsufferable,aruuuGun,0
2023-01-28 23:48:14,esfandtv ,cuttyriver420,lol,0
2023-01-28 23:48:15,esfandtv ,osteboogie,too many of them! Flashback,0
2023-01-28 23:48:17,esfandtv ,greenbaybucks,BatChest BatChest BatChest,0
