Date,Channel,Username,Message,Tag_owner,Cleanest_message
2023-01-28 23:54:35,denims ,yossaarian,its fair too many pos that are named slick slicker,0,fair po slicker
2023-01-28 23:54:35,denims ,lilijil,@jamesdm I'm not debating anything loudly_crying_face I just @ a chatter who said something I seen a lotta other fragile losers say but my bad I thought you was being a centrist on the topic,0,loser bad
2023-01-28 23:54:35,denims ,rydahryot,imagine getting owned this hard by a nerd,0,hard nerd
2023-01-28 23:54:35,denims ,seit0,that trial really broke so many people,0,broke
2023-01-28 23:54:35,denims ,grzlyp1,asmongold a bitch tho on god,0,bitch god
2023-01-28 23:54:35,denims ,rydahryot,get fucked slick,0,fuck
2023-01-28 23:54:35,denims ,dansoddity,OMEGALUL,0,OMEGALUL
2023-01-28 23:54:35,denims ,diedrei,good sentiment but still BatChest JOHNNY DEPP,0,good
2023-01-28 23:54:37,denims ,typhoonbh,@NextLifeAfter widepeepoSad true,0,true
2023-01-28 23:54:38,denims ,chrig666,bro who is he talking to lmfao,0,lao
2023-01-28 23:54:38,denims ,carlosss_estevez,Crazy slicker,0,slicker
2023-01-28 23:54:38,denims ,definitelynotdusto,OMEGALUL,0,OMEGALUL
2023-01-28 23:54:39,denims ,juxsdo,he get banned for that?,0,ban
2023-01-28 23:54:43,denims ,nemonal,BR OMEGALUL,0,OMEGALUL
2023-01-28 23:54:43,denims ,selenemalis,asmon is such a bitch baby,0,bitch
2023-01-28 23:54:49,denims ,veggietableh,"@NavAK4Seven what is institutional about one dumb fuck going around insulting white people? Nothing. That's the point, white supremacy has the power of the institutions that this country is founded upon",0,dumb fuck insult ha
2023-01-28 23:54:51,denims ,d00dlebirb,He didn't get banned for this chat,0,ban
2023-01-28 23:54:51,denims ,fusion_x,"@juxsdo Actually no, he completely avoided a ban for that",0,avoid ban
2023-01-28 23:54:51,denims ,starbuckswitch,hasChud punishment,0,punish
2023-01-28 23:54:53,denims ,fireflowergoddess,wow I never saw that clip,0,wow
2023-01-28 23:54:54,denims ,satchmobronson,"@ArchReaper7 i have no idea who Bruce is, this clip is the first i've seen of him. i'm not a ""bruce fan"" i just know that the c-word isn't racist and only morons think that it is",0,racist moron
2023-01-28 23:54:55,denims ,amhowell,"@ArchReaper7 the thing on monday involved slave catchers, minimizing the harm that could happen is pro slavery behavior. every race has people that support slavery, but reactionary white people claim only they are allowed to. stop erasing the non white c words",0,harm ha support allow stop
2023-01-28 23:54:57,denims ,piouslambda,"phew, saved it",0,save
2023-01-28 23:54:57,denims ,pkpokeman,he didnt get banned which is a clear double standard regardless of context,0,ban clear
2023-01-28 23:54:58,denims ,overshotlyric,@juxsdo no he did not get banned,0,ban
2023-01-28 23:55:00,denims ,jackburtonbt,"@ArchReaper7 again, no systemic oppression backing the words only means ""mean words hurt my white ass fealings""",0,hurt ass
2023-01-28 23:55:02,denims ,maikonix,Like straight up to the point xD,0,like straight ad
2023-01-28 23:55:03,denims ,beantransfer,"Asmon is god to the neckbeards, hes safe",0,god safe
2023-01-28 23:55:06,denims ,jawnbedge,@NavAK4Seven I hope you Asmond Gold Yourself,0,hope
2023-01-28 23:55:07,denims ,lockmeowt,"excuse me, hile i KISS THIS GUY",0,kiss
2023-01-28 23:55:12,denims ,veggietableh,@NavAK4Seven either respond to me or just admit you're dumber than dirt OMEGADANCE,0,admit dumber dirt
2023-01-28 23:55:13,denims ,jamesdm,"@lilijil, KEKW no, I was just trying to preemptively stop the convo because if you look in chat it's going exactly how it always goes OMEGADANCE",0,stop
2023-01-28 23:55:14,denims ,domiinicus,only asmond coded peeps get to say it not Bruce xD,0,ad
2023-01-28 23:55:22,denims ,warnikorn,Thats what playing Wow for a long time does to you,0,play wow
2023-01-28 23:55:22,denims ,obrigaah,@NavAK4Seven OMEGADANCE OMEGADANCE OMEGADANCE NOOOOO you are so stupid KEKL,0,stupid
2023-01-28 23:55:22,denims ,starsyth,"Guess Twitch draws the line between ""Hoping"" someone dies and ""Telling"" someone to die",0,die
2023-01-28 23:55:27,denims ,grzlyp1,FREE DEO FREE DEO FREE DEO FREE DEO FREE DEO FREE DEO FREE DEO FREE DEO FREE DEO FREE DEO FREE DEO,0,free
2023-01-28 23:55:33,denims ,archreaper7,@JackBurtonBT your argument is wrong and ignorant and i'm not going to bother trying to enlighten you on that one,0,argument wrong bother enlighten
2023-01-28 23:55:36,denims ,d00dlebirb,FREE bdeoDEO,0,free
2023-01-28 23:55:37,denims ,pkpokeman,given his size i am sure he will get unbanned tbh,0,sure
2023-01-28 23:55:37,denims ,starywars,Isn't every twitch ban start indefinite?,0,ban
2023-01-28 23:55:38,denims ,navak4seven,Banning ppl with differing opinions is CRINGE,0,ban
2023-01-28 23:55:42,denims ,mr_duko,Like the month Adin Ross got,0,like
2023-01-28 23:55:44,denims ,jesterbrymstone,it mean no clear time has been decided,0,clear ha
2023-01-28 23:55:47,denims ,bagelsandloadedlox,I'm impressed by the one guy in this chat who's just committed to being consistently cringe,0,impress commit
2023-01-28 23:55:48,denims ,veggietableh,@NavAK4Seven THEN YOU ARE LITERALLY BEING OPPRESSED BY WHITE U.S. IMPERIALISM WHY ARE YOU SIMPING FOR THE PEOPLE THAT DESTROY YOU YOU FUCKING DOLT OMEGADANCE,0,destroy fuck
2023-01-28 23:55:49,denims ,hasan_lurker,he'll be fine Prayge,0,fine
2023-01-28 23:55:50,denims ,nemonal,definitely vs indefinitely is like flammable vs inflammable Kappa,0,like Kappa
2023-01-28 23:55:54,denims ,maikonix,Hopefully he gets unbanned,0,hope
2023-01-28 23:55:54,denims ,jiff_d,@pkpokeman well remember doc got banned,0,well ban
2023-01-28 23:55:57,denims ,fusion_x,Erobb was permanently banned but appealed it down to 30 days,0,ban
2023-01-28 23:55:57,denims ,beantransfer,@NavAK4Seven youre not even banned stop crying,0,ban stop
2023-01-28 23:56:05,denims ,nextlifeafter,You only ban people of the same opinion then? sumS @NavAK4Seven,0,ban
2023-01-28 23:56:11,denims ,my_little_grey_name,We should really stop calling them bans and call them suspensions,0,stop ban
2023-01-28 23:56:13,denims ,pkpokeman,@Jiff_D good point actually,0,good
2023-01-28 23:56:14,denims ,grzlyp1,@NavAK4Seven SHUT YO BITCH ASS UP,0,bitch ass
2023-01-28 23:56:16,denims ,jackburtonbt,@ArchReaper7 why are you in this chat then? everyone saying you and the 1 other chatter saying the same dumb shit is wrong. good luck in your life,0,dumb shit good luck
2023-01-28 23:56:20,denims ,obrigaah,@NavAK4Seven you are not even banned KEKL,0,ban
2023-01-28 23:56:27,denims ,veggietableh,God this chatter is so stupid its amazing,0,god stupid
2023-01-28 23:56:30,denims ,fireflowergoddess,Aren't there ppl who have been banned for over a year with indef ban?,0,ban
2023-01-28 23:56:32,denims ,kxo72,@NavAK4Seven you partly grew up in a country where you lived with people who were way more ethnically similar to you. also you can't speak on the black experience on black people in America or the rest of the west. respectfully stfu,0,respect
2023-01-28 23:56:33,denims ,jawnbedge,"@NavAK4Seven Your ""friends"" at best tolerate you",0,best
2023-01-28 23:56:33,denims ,satchmobronson,@veggietableh lol,0,lol
2023-01-28 23:56:34,denims ,starywars,"It ain't racist, but you really can't tell people to kiss themselves",0,kiss
2023-01-28 23:56:36,denims ,jiff_d,@fusion_x why did erobb get banned,0,ban
2023-01-28 23:56:40,denims ,voodoo_in_witchspace,if you think its a racist rant its because you are a whiney little bitchboy racist peepoSmile,0,racist rant whiney
2023-01-28 23:56:43,denims ,lilbrownied,"that chatter has a kink, yall.",0,ha
2023-01-28 23:56:49,denims ,whykillbeep,c word D:,0,D:
2023-01-28 23:56:58,denims ,jackburtonbt,@veggietableh oh wow everyone hear that! this dude has never experiance oppression! therefore it doesnt exist!,0,wow ha
2023-01-28 23:56:59,denims ,thandrea_20,"@NavAK4Seven, YOU ARE NOT COOKING SHIT BRO OMEGADANCE",0,shit
2023-01-28 23:57:02,denims ,dean021,"@veggietableh I used to think that, and then realized I would get in trouble growing up without offending as much as my white peers.",0,offend
2023-01-28 23:57:03,denims ,lilijil,@jamesdm yeah I got you now & you right lmao it's just hard to not @ dickheads sometimes when they talk out their ass,0,yeah lao hard dickhead ass
2023-01-28 23:57:05,denims ,fireflowergoddess,Racism is a systemic reality,0,racism
2023-01-28 23:57:06,denims ,fusion_x,"@Jiff_D Erobb told a community member in an offline chat he was gonna beat them at TwitchCon, except it was a meme in his community and not serious but Twitch took it seriously",0,serious
2023-01-28 23:57:08,denims ,anxiousdumpling,@navak4seven why are you having conversations with yourself in a twitch chat lmao it's so sad,0,lao sad
2023-01-28 23:57:09,denims ,meinekemanr6,"It’s interpersonal racism, just not that harmful",0,harm
2023-01-28 23:57:12,denims ,definitelynotdusto,yt ppl smell like mayonaise,0,like
2023-01-28 23:57:12,denims ,oiled_pebbles,cmonnn us crackers are blatantly winning in a broken system and people still think we’re opressed OMEGALUL,0,win broken OMEGALUL
2023-01-28 23:57:12,denims ,fson_,twitch has a very different opinion on the c word tho,0,ha
2023-01-28 23:57:12,denims ,grzlyp1,@NavAK4Seven YOU COOKING DICK MEAT STEW,0,dick
2023-01-28 23:57:14,denims ,veggietableh,@NavAK4Seven You've never experienced any kind of racism or struggle for being brown? You haven't been accosted by TSA? You haven't been hassled for being an A-rab? None of your friends or family has experienced any racism?,0,kind racism friend ha
2023-01-28 23:57:15,denims ,kxo72,racism is also interpersonal. but its more so systemic,0,racism
2023-01-28 23:57:15,denims ,absyn__,@ThAndrea_20 he's just ban fishing,0,ban
2023-01-28 23:57:16,denims ,navak4seven,I've never experienced racism in America and i'm a Middle Eastern brown guy who grew up in Texas @Denims,0,racism
2023-01-28 23:57:16,denims ,pkpokeman,"As a white man there is no way this was racist at all, you cannot be racist in any meaningful way to the group that is ""in power"" in one way or another, it is just ridiculous reactionary shit",0,racist shit
2023-01-28 23:57:18,denims ,bigmano23,no hes not hes talking about destiny a youtube streamer and racist viewers @Denims,0,racist
2023-01-28 23:57:18,denims ,astromias,YEP,0,yep
2023-01-28 23:57:19,denims ,fellini_fiend,@thandrea_20 they cooking with mayo and it’s disgusting,0,disgust
2023-01-28 23:57:22,denims ,vision_of_elsewhere,PepeLa D deserves a perma for racism,0,racism
2023-01-28 23:57:22,denims ,starbuckswitch,YEP,0,yep
2023-01-28 23:57:23,denims ,thesparrow_gray,@denims they literally did the same thing to a gta rp stream when she was being harassed by a person pretending to be hittler,0,harass pretend
2023-01-28 23:57:25,denims ,chrig666,@NavAK4Seven white man pretends to be poc,0,pretend
2023-01-28 23:57:26,denims ,overshotlyric,YEP,0,yep
2023-01-28 23:57:34,denims ,veggietableh,@NavAK4Seven oh so you're just lying LMFAO,0,lao
2023-01-28 23:57:34,denims ,scare_crow_n,@NavAK4Seven nobody cares KEKW,0,care
2023-01-28 23:57:34,denims ,homaosapian,@NavAK4Seven you think you're cooking but thats just your hand in the toaster XD,0,hand XD
2023-01-28 23:57:35,denims ,satchmobronson,@Denims true actually!,0,true
2023-01-28 23:57:38,denims ,fusion_x,Yeah I was surprised Asmon got away with that completely I thought he was a goner when that came out,0,yeah
2023-01-28 23:57:42,denims ,afroaltruism,if you think that's bad you should come on down to our next klan meeting brother KKona,0,bad
2023-01-28 23:57:43,denims ,jiff_d,@fusion_x ohh yeah I only ever heard a tiny bit of that story,0,yeah
2023-01-28 23:57:44,denims ,kxo72,to people being toxic to him and prolly racist cause he left an org,0,racist
2023-01-28 23:57:44,denims ,archreaper7,he got banned for ban evasion though,0,ban
2023-01-28 23:57:45,denims ,jamesdm,"@lilijil, I do it all the time haha I was just hoping we could avoid the c word discourse again but I was never gonna stop it PepeHands",0,haha hope avoid stop
2023-01-28 23:57:47,denims ,navak4seven,I come from the Middle East bro lol,0,lol
2023-01-28 23:57:51,denims ,jeemstate,@NavAK4Seven cool anecdote when there's literally countless examples of ppl experiencing it. how are you this stupid,0,cool stupid
2023-01-28 23:57:52,denims ,thetonebox,and you went into bio ok dude,0,ok
2023-01-28 23:57:52,denims ,doggyboness,@NavAK4Seven so because you never experienced racism that means it doesn't exist? here is a medal,0,racism medal
2023-01-28 23:57:53,denims ,astromias,bless your heart,0,bless heart
2023-01-28 23:57:55,denims ,socal_badfish,must be nice,0,nice
2023-01-28 23:57:55,denims ,littlestar30,if anything the c word is more classist than racist,0,racist
2023-01-28 23:57:56,denims ,oiled_pebbles,no racism Drake,0,racism
2023-01-28 23:58:01,denims ,sidonie_25,must be white lol,0,lol
2023-01-28 23:58:01,denims ,starbuckswitch,:child: :glowing_star:,0,child :glowing_star:
2023-01-28 23:58:02,denims ,vyxzenlyxzen,bless his heart,0,bless heart
2023-01-28 23:58:03,denims ,oiled_pebbles,Racism solved Drake LETSGO,0,racism
2023-01-28 23:58:03,denims ,hasanshrtdealer,yay didnt experience racism!,0,yay
2023-01-28 23:58:04,denims ,veggietableh,"@NavAK4Seven being singled out by TSA for being brown every single time you fly is oppressive, but you're too dumb to recognize that",0,dumb
2023-01-28 23:58:04,denims ,pkpokeman,"I am white and I too have never experienced racism, weird how that works huh",0,weird
2023-01-28 23:58:04,denims ,bshap349,you also get no bitches but they exist,0,bitch
2023-01-28 23:58:05,denims ,greshark,@NavAK4Seven this has no bearing on you having shit takes,0,ha shit
2023-01-28 23:58:09,denims ,relativistickillthistle,:trophy:,0,trophy
2023-01-28 23:58:10,denims ,saxypandabear,Edgy racist losers in chat OMEGALUL qtcCookie,0,racist loser OMEGALUL
2023-01-28 23:58:11,denims ,xcrimsonwolfx,SoCute isn't that so great lil guy,0,great
2023-01-28 23:58:12,denims ,frostyfux,damn I guess everyone else must have been making it up if this one dude is fine,0,damn fine
2023-01-28 23:58:16,denims ,fusion_x,I want a cookie qtcCookie,0,want
2023-01-28 23:58:17,denims ,suburbanerrorist_,peepoClap racism is over chat,0,racism
2023-01-28 23:58:19,denims ,landstander1236,racism solved,0,racism
2023-01-28 23:58:20,denims ,oh2muchmilly,Bruce wouldn't have been banned if he was in the hot tub category... EZ,0,ban EZ
2023-01-28 23:58:22,denims ,theseductivebruja,They get an Oatmel Raisin cookie for that :cookie:,0,cookies
2023-01-28 23:58:22,denims ,astromias,@NavAK4Seven maybe cause your dumb,0,dumb
2023-01-28 23:58:23,denims ,afroblaxicano,"Throwback to that time I was in highschool, jogging to keep in shape cause i played football, and a lady asked if i stole anything. Good Times",0,play good
2023-01-28 23:58:24,denims ,socialismiswhennofun,peepoClap racism is over,0,racism
2023-01-28 23:58:25,denims ,grzlyp1,@Denims id pay you to talk to me like that,0,pay like
2023-01-28 23:58:27,denims ,mmmmmmmmmmmmmmmmmm_,White people think the c word is racist LUL,0,racist LUL
2023-01-28 23:58:27,denims ,gwenefarious,I hope you never experience oppression you widdle baby boo boi,0,hope
2023-01-28 23:58:28,denims ,veggietableh,@NavAK4Seven because you were probably too stupid to recognize when someone was being racist to you,0,stupid racist
2023-01-28 23:58:28,denims ,domiinicus,never experienced racism? did they never drive on any highways and not realize it split certain communities,0,certain
2023-01-28 23:58:32,denims ,anythingtemporary,i've also never experienced racism in the US but i'm white and live in the UK,0,racism
2023-01-28 23:58:33,denims ,atlantictuna,D:,0,D:
2023-01-28 23:58:33,denims ,thetonebox,you were too dumb it sef did happen,0,dumb
2023-01-28 23:58:34,denims ,veggietableh,KEKL STOP DENBO,0,stop
2023-01-28 23:58:35,denims ,humansupriyo,Momma's boy who never left the basement didnt get racism WHAAAT,0,racism
2023-01-28 23:58:35,denims ,navak4seven,Stinky hate,0,hate
2023-01-28 23:58:35,denims ,d00dlebirb,@NavAK4Seven You're one anecdotal instance of never experiencing racism doesn't disprove the statistics that in America it happens to marginalized communities.,0,racism
2023-01-28 23:58:40,denims ,guadaloopz,NO JOKES NOPERS,0,joke
2023-01-28 23:58:41,denims ,rydahryot,@NavAK4Seven stop @ing my streamer you fu***** degenerate,0,stop
2023-01-28 23:58:43,denims ,saxypandabear,D:,0,D:
2023-01-28 23:58:44,denims ,aquastoakes,you smelled like SubWay,0,like
2023-01-28 23:58:45,denims ,shifty_cat,D:,0,D:
2023-01-28 23:58:46,denims ,bradabing,please dont joke about smelly. i am smelly and opressed Kappa,0,joke Kappa
2023-01-28 23:58:47,denims ,bigmano23,bruce was talking about destiny a youtube streamer and racist viewers @Denims,0,racist
2023-01-28 23:58:47,denims ,mwalter98,"I never experience racism in us. never been there and I’m white, but still…",0,racism
2023-01-28 23:58:48,denims ,jeemstate,"NavAK4Seven sometimes when some people are soooo ugly, they don't even want to be in their vicinity for racism",0,want racism
2023-01-28 23:58:49,denims ,nightbot,EZ :ping_pong: ppOverheat :ping_pong: POGGERS,0,EZ :ping_pong:
2023-01-28 23:58:49,denims ,greshark,@AnythingTemporary OMEGALUL,0,OMEGALUL
2023-01-28 23:58:50,denims ,lockmeowt,you smell like Burger King Whopper,0,like
2023-01-28 23:58:55,denims ,choirboii,D: S word,0,D:
2023-01-28 23:58:58,denims ,d00dlebirb,@Xenaul YEP that's true!,0,yep
2023-01-28 23:58:58,denims ,obrigaah,@Xenaul YEP we coverd that,0,yep
2023-01-28 23:58:58,denims ,navak4seven,My family has never been oppressed nor my brown friends.It's all made up BS,0,ha
2023-01-28 23:58:58,denims ,definitelynotdusto,"YIKES ""it never happened to me so i spend 90% of my time defending oppressors, i love the taste of boots too""",0,love
2023-01-28 23:58:59,denims ,noot_ropic,@pkpokeman or just straight is too dumb to recognize it,0,straight dumb
2023-01-28 23:58:59,denims ,bluepumkin,"UH OH, denim's joke Kappa",0,joke Kappa
2023-01-28 23:58:59,denims ,dirtymerlin,Probably true tho,0,true
2023-01-28 23:59:00,denims ,kxo72,@NavAK4Seven maybe it did. maybe you're lying. you're fucking middle eastern and prolly muslim living in America. you're telling me not 1 situation you experienced even a little racism?,0,fuck
2023-01-28 23:59:04,denims ,rydahryot,@NavAK4Seven FUCK OFF|,0,fuck
2023-01-28 23:59:09,denims ,yungwarlock,me YEP,0,yep
2023-01-28 23:59:29,denims ,guadaloopz,"It used to be annoying before being a white mexican, i couldnt check latino and white together Madge",0,annoy
2023-01-28 23:59:30,denims ,gotham____,HYPERPOGGER new race just dropped,0,drop
2023-01-28 23:59:30,denims ,veggietableh,@NavAK4Seven all of it is made up BS? OMEGADANCE because of your single anecdote about you and your friends family? If we asked your friends would they agree?,0,friend
2023-01-28 23:59:30,denims ,47crucial,race is so stupid,0,stupid
2023-01-28 23:59:33,denims ,lilijil,@jamesdm :loudly_crying_face::loudly_crying_face: good luck controlling chat. i was just gonna poke at that chatter at most I hate when mfs try to debate,0,good luck hate
2023-01-28 23:59:37,denims ,mattygyptian,im egyptian and white on the census :(,0,:(
2023-01-28 23:59:37,denims ,spacedkev,"not fun when you're hispanic and have to check off ""white"" aslo",0,fun
2023-01-28 23:59:37,denims ,humansupriyo,Racism is made up @navak4seven  DID YOU JUST SAY THAT MF WHATTTTY,0,racism
2023-01-28 23:59:40,denims ,nemonal,guess I'll die,0,die
2023-01-28 23:59:40,denims ,oiled_pebbles,OMEGALUL,0,OMEGALUL
2023-01-28 23:59:43,denims ,thesparrow_gray,Nah you get the pass hasL,0,nah
2023-01-28 23:59:43,denims ,rock_licker_boi,WTF LOL,0,wif lol
2023-01-28 23:59:43,denims ,thelonelystoner90,It so hard for mexicans cause we are literally mixed with everything,0,hard
2023-01-28 23:59:44,denims ,funksupreme,YEP that's how that goes,0,yep
2023-01-28 23:59:48,denims ,definitelynotdusto,"When I worked at an Airport in Texas TSA made us watch a video about ""Reporting Suspicious Activity"" and it was just b-rolls of muslim ppl LUL",0,LUL
2023-01-28 23:59:50,denims ,selenemalis,the concept of race the way the USA does it is so fucking weird,0,fuck weird
2023-01-28 23:59:51,denims ,satchmobronson,@AfroBlaxicano lmao,0,lao
2023-01-28 23:59:52,denims ,herotoxiko,block that whisper you wer just sent chatter pals,0,block
2023-01-28 23:59:55,denims ,chrig666,@spacedkev i dont check off white on any fucking form idgaf,0,fuck
2023-01-28 23:59:56,denims ,jeemstate,NavAK4Seven go back to the middle east now that you've dropped islam please.,0,drop
2023-01-28 23:59:57,denims ,thandrea_20,"Congrats on coming out as white Denims, you're so brave FeelsStrongMan",0,brave
2023-01-28 23:59:57,denims ,fireflowergoddess,It's funny cuz ppl of color that are lucky enough not to experience instances of obvious prejudice are still effected in their opportunities etc by the overall system of racism in this country,0,racism
2023-01-28 23:59:59,denims ,shabazz0047,I knew it lol,0,lol
2023-01-29 00:00:00,denims ,pinkuidol,that song is so good,0,good
2023-01-29 00:00:00,denims ,lilbrownied,OMEGALUL !!!!!!!!,0,OMEGALUL
2023-01-29 00:00:01,denims ,bradabing,HAHAH i love it,0,love
2023-01-29 00:00:02,denims ,gotham____,OMEGALUL,0,OMEGALUL
2023-01-29 00:00:03,denims ,mattygyptian,i love this vid so much,0,love
2023-01-29 00:00:09,denims ,myheadphoneadapterbroke,DAMN,0,damn
2023-01-29 00:00:09,denims ,veggietableh,@NavAK4Seven Keep licking the boot of white supremacy that destroyed your home country and now you're simpin' for your destroyers - cuck mentality hasBoot,0,destroy
2023-01-29 00:00:15,denims ,fellini_fiend,dude I got a ton of respect for Bruce sheeesh,0,respect
2023-01-29 00:00:17,denims ,elaanayo,hello is this replacement daycare? :),0,:)
2023-01-29 00:00:17,denims ,nightbot,Hi cute chatter widepeepoHappy,0,cute
2023-01-29 00:00:18,denims ,kxo72,@NavAK4Seven you're telling me people didn't suspect you were though. as they do with people from that part of the world and beyond?,0,suspect
2023-01-29 00:00:19,denims ,jovialstoic,a hard T,0,hard
2023-01-29 00:00:19,denims ,socal_badfish,love Bruce cause i dislike Miz,0,love
2023-01-29 00:00:20,denims ,navak4seven,"''go back to the middle east'' = ''go back to Africa'', you racist as hell boy.",0,racist hell
2023-01-29 00:00:21,denims ,stale_muffinz,EZ Clap,0,EZ Clap
2023-01-29 00:00:22,denims ,nightbot,EZ :ping_pong: ppOverheat :ping_pong: POGGERS,0,EZ :ping_pong:
2023-01-29 00:00:24,denims ,whykillbeep,@thelonelystoner90 wym bro they got a special category just for us KEKW,0,special
2023-01-29 00:00:27,denims ,pkpokeman,I love Bruce he is so fucking funny and straight forward,0,love fuck straight
2023-01-29 00:00:27,denims ,saxypandabear,Bruce is fucking COOKING HOLY,0,fuck
2023-01-29 00:00:36,denims ,meinekemanr6,PERIODT :nail_polish:,0,:nail_polish:
2023-01-29 00:00:38,denims ,jeemstate,NavAK4Seven cool I'm racist af go back,0,cool racist
2023-01-29 00:00:39,denims ,suburbanerrorist_,YEP,0,yep
2023-01-29 00:00:40,denims ,dean021,"@fireflowergoddess I feel like it's more of wanting to think you're in the in group just because your not black, so you don't notice prejudice when it does actually happen",0,like want
2023-01-29 00:00:41,denims ,ihave12cats,YEP  HE SPITTIN,0,yep
2023-01-29 00:00:42,denims ,definitelynotdusto,:hundred_points: :hundred_points:,0,:hundred_points:
2023-01-29 00:00:47,denims ,mr_duko,TTS saying the N word will forever catch me off guard OMEGALUL,0,OMEGALUL
2023-01-29 00:00:48,denims ,definitelynotdusto,you should have for damn sure,0,damn sure
2023-01-29 00:00:49,denims ,stale_muffinz,he hit him witha b ass EZ,0,ass EZ
2023-01-29 00:00:52,denims ,scare_crow_n,The crazy thing is people are literally defending Mizkif over Bruce and you know it's from a perspective of white fragility when Miz literally covered up a sexual assault,0,assault
2023-01-29 00:00:57,denims ,nfgayle,YUP FUCK MIZKIFF,0,fuck
2023-01-29 00:01:00,denims ,spacedkev,"@spacedkev true story, my teacher check it off on a form FOR ME back in hs. fucked up",0,true fuck
2023-01-29 00:01:01,denims ,bradabing,"@Denims this is a legitimate question , but is it weird i feel happy when black people call white people the n word?",0,weird
2023-01-29 00:01:03,denims ,veggietableh,@NavAK4Seven KEKW No one said you should go back - stop crying,0,stop
2023-01-29 00:01:04,denims ,jamesdm,miz is weird as fuck NODDERS,0,weird fuck
2023-01-29 00:01:05,denims ,ihave12cats,YEP mizkif is weird,0,yep weird
2023-01-29 00:01:05,denims ,dzeikktboss,I feel strong two face energy from bruce ngl,0,strong
2023-01-29 00:01:07,denims ,nfgayle,FUCK MIZKIFFFFFFF,0,fuck
2023-01-29 00:01:09,denims ,definitelynotdusto,Clap,0,Clap
2023-01-29 00:01:11,denims ,mewtwo_appeared,that hard tea froganBOBA,0,hard
2023-01-29 00:01:12,denims ,starsyth,"""No Drama"" drops a bomb",0,drop bomb
2023-01-29 00:01:12,denims ,astromias,FREE DEO,0,free
2023-01-29 00:01:16,denims ,pkpokeman,why would someone leave OTK Clueless,0,clueless
2023-01-29 00:01:17,denims ,voodoo_in_witchspace,gettin called weird af by a guy with a joker poster and still comin out lookin worse KEKW,0,weird joker
2023-01-29 00:01:18,denims ,fiiiilth,FREE DEO,0,free
2023-01-29 00:01:20,denims ,destroyerking20,He should stay perma banned tbh,0,ban
2023-01-29 00:01:26,denims ,chrig666,@NavAK4Seven relax bro go outside take a deep breath,0,relax
2023-01-29 00:01:26,denims ,funksupreme,I fucking hope he gets unbanned NOOO,0,fuck hope
2023-01-29 00:01:26,denims ,navak4seven,@denims your own viewers are telling me to go back to the ME. Is that racist or not?,0,racist
2023-01-29 00:01:31,denims ,suburbanerrorist_,IDK tbh,0,ink
2023-01-29 00:01:31,denims ,bigmano23,do you not relize he ban evaded,0,ban
2023-01-29 00:01:31,denims ,corn_on_the_0rb0,Bro wtf has OTK done that's good KEKW,0,wif ha good
2023-01-29 00:01:31,denims ,pauliwhirl3,NOPERS not wrong,0,wrong
2023-01-29 00:01:31,denims ,nightbot,EZ ping_pong ppOverheat ping_pong POGGERS,0,EZ
2023-01-29 00:01:32,denims ,nfgayle,Not wrong at all.,0,wrong
2023-01-29 00:01:34,denims ,nerdwiththebeanie,nah not wrong,0,nah wrong
2023-01-29 00:01:35,denims ,encephalopathy_,i can see a 1 week ban for brucey,0,ban
2023-01-29 00:01:36,denims ,hasanshrtdealer,not a great time when dividing from the org for him to get banned.,0,great
2023-01-29 00:01:37,denims ,afroaltruism,"If not, honestly that youtube stack is gunna be nice",0,nice
2023-01-29 00:01:38,denims ,definitelynotdusto,Its a beautiful rage quit. I respect tf out of it,0,rage respect
2023-01-29 00:01:40,denims ,anxiousdumpling,not wrong,0,wrong
2023-01-29 00:01:40,denims ,domiinicus,not wrong.   he was wronged,0,wrong
2023-01-29 00:01:40,denims ,jovialstoic,he's not wrong - Miz has always been creepy as fck,0,wrong ha
2023-01-29 00:01:40,denims ,goldrubyproduction,FREE MY MAN BRUCE,0,free
2023-01-29 00:01:41,denims ,archreaper7,he was banned for ban evasion though...,0,ban
2023-01-29 00:01:41,denims ,notanashmain_,nah TOOBASED,0,nah
2023-01-29 00:01:43,denims ,carlosss_estevez,Mizkif sucks,0,suck
2023-01-29 00:01:44,denims ,starywars,GRUG good,0,good
2023-01-29 00:01:45,denims ,navak4seven,he said ''u left islam now go back to the ME' basically saying i should be KILLED,0,kill
2023-01-29 00:01:50,denims ,blissfuldan,Bruh can keep this energy up indefinitely actually FUCK mizkif and his goofy ass,0,fuck ass
2023-01-29 00:01:50,denims ,starbuckswitch,YEP,0,yep
2023-01-29 00:01:51,denims ,thehappyparadox,Isn't miz staring at a wall for like some hours today or something KEKW,0,like
2023-01-29 00:01:54,denims ,vyxzenlyxzen,@navak4seven stop being such a fucking victim,0,stop fuck victim
2023-01-29 00:01:55,denims ,saxypandabear,Who are these weird racist chatters??,0,weird racist
2023-01-29 00:01:56,denims ,myheadphoneadapterbroke,@NavAK4Seven you've experienced racism in america now!!!! congrats!!,0,racism
2023-01-29 00:01:59,denims ,destroyerking20,@destroyerking20 He complains too much,0,complain
2023-01-29 00:02:05,denims ,veggietableh,@NavAK4Seven what viewer told you to go back? I told you that you're simping for the empire that destroyed your families nation of origin OMEGADANCE,0,destroy
2023-01-29 00:02:13,denims ,thesparrow_gray,Weird otk hasn’t committed about their probation member going after a member leaving the org,0,weird commit
2023-01-29 00:02:14,denims ,shifty_cat,monkaW C,0,monkaW
2023-01-29 00:02:20,denims ,jackburtonbt,"@NavAK4Seven hey bro, its free not to hit the enter key by the way. or just keep digging",0,free
2023-01-29 00:02:21,denims ,loosereign,fuck these cr*ckers (:,0,fuck i
2023-01-29 00:02:22,denims ,fireflowergoddess,@fireflowergoddess true I don't want to speak for anyone lived experience but that's def part of it in many cases too the desire to belong plus just coping strategies can involve denial and having a perspective that prevents you from seeing when you're being descriminated against,0,true want prevent
2023-01-29 00:02:25,denims ,d00dlebirb,YEP IT'S BULLSHIT,0,yep bullshit
2023-01-29 00:02:32,denims ,bradabing,for me the only real L from him is the KYS stuff. im just so anti that mentality,0,i anti
2023-01-29 00:02:43,denims ,pkpokeman,I want to start using c word regularly now to refer to white people i dont like,0,want like
2023-01-29 00:02:46,denims ,dirtymerlin,This fucker in chat really the final boss of debate pervertry,0,fucker
2023-01-29 00:02:50,denims ,suburbanerrorist_,@NavAK4Seven yeah we know that,0,yeah
2023-01-29 00:02:52,denims ,chrig666,just ban him already mods wtf r u doing,0,ban wif
2023-01-29 00:02:53,denims ,nataksu,It's the classic pointing out racism is more racist than the rascist acts themselves,0,racism racist
2023-01-29 00:02:56,denims ,satchmobronson,"@Bradabing true, i think he--and EVERYONE who says that--should cop a ban for that. but definitely not for the c-word",0,ban
2023-01-29 00:02:56,denims ,trevtennessee,Wow,0,wow
2023-01-29 00:02:57,denims ,justgery,"Thats one of the weird things of people coming to the states, they have to check a box regarding what race/ethnicity they are and so many dont fit into those boxes",0,weird fit
2023-01-29 00:02:59,denims ,pauliwhirl3,Pog @SocialismIsWhenNoFun,0,pog
2023-01-29 00:02:59,denims ,tuxinatux,Pog GIFTIES,0,pog
2023-01-29 00:03:02,denims ,anteros78,"So if you called someone a ritz or a saltine instead of the C word, would you get banned I wonder?",0,ban
2023-01-29 00:03:02,denims ,jeemstate,LETSGO GIFTIES LETS FUCKING GOOOOO,0,fuck
2023-01-29 00:03:02,denims ,homaosapian,"@NavAK4Seven ya the USA isn't controlling shit world wide, you got us",0,shit
2023-01-29 00:03:03,denims ,princehumperdinck123,"not wrong... they've made ""ironic racism and misogyny"" their go to humor. then get exposed doing the shit they've done, otk is a cesspool",0,racism shit
2023-01-29 00:03:12,denims ,humansupriyo,Pog no fun,0,pog fun
2023-01-29 00:03:13,denims ,nightbot,dnmL Thank you so much for the 20 gifties! POGGERS SocialismIsWhenNoFun dnmWiggle We appreciate you for supporting the stream! dnmAYAYA,0,thank support
2023-01-29 00:03:14,denims ,pkpokeman,PogU,0,PogU
2023-01-29 00:03:15,denims ,fireflowergoddess,I don't even watch Bruce and now I have so much respect for him he ain't tell no lies,0,respect
2023-01-29 00:03:15,denims ,socialismiswhennofun,can somebody gift me a subby too? peepoShy,0,gift
2023-01-29 00:03:16,denims ,lilbrownied,Clap,0,Clap
2023-01-29 00:03:16,denims ,everlasting_bastard,"The dudes like Miz, their buds, and their lame ass drama are why I don’t get too much into streaming culture",0,like lame ass
2023-01-29 00:03:18,denims ,archreaper7,"But what act of racism was committed against Bruce? Bruce is the one that keeps making it about race, unless there's some event that's relevant to it idk about",0,racism commit ink
2023-01-29 00:03:20,denims ,nerdwiththebeanie,PogU,0,PogU
2023-01-29 00:03:21,denims ,amhowell,"@NavAK4Seven has anyone else fucked up the world as much as america, britain, france, spain, italy, netherlands?",0,ha fuck
2023-01-29 00:03:27,denims ,riowolfsquad,Pog lets go!,0,pog
2023-01-29 00:03:27,denims ,ihave12cats,didnt kai get banned for eating too many edibles KEKIUM and SLEEPING,0,ban
2023-01-29 00:03:30,denims ,tinyobserver00,@SocialismIsWhenNoFun Thank you so much for the gift sub!!! dnmL,0,thank gift
2023-01-29 00:03:32,denims ,kendrastars,Thanks @socialismiswhennofun dnmWiggle dnmDANKIES,0,thank
2023-01-29 00:03:33,denims ,bradabing,"@Bradabing yeah, im white and i dont think tahts a racial word really, more of a L for us white folks",0,i
2023-01-29 00:03:38,denims ,meinekemanr6,It’s so adorable how Denims nearly cries at every gift sub KEKW,0,gift
2023-01-29 00:03:39,denims ,fellini_fiend,gifting without a sub TOOBASED,0,gift
2023-01-29 00:03:40,denims ,theseductivebruja,YEP,0,yep
2023-01-29 00:03:42,denims ,socialismiswhennofun,@hasansHRTdealer ty ty lucidLove,0,ty
2023-01-29 00:03:43,denims ,veggietableh,"@NavAK4Seven you admitted to having a Biology Major, why are you talking about history and political science when you admit you know nothing about them KEKW",0,admit
2023-01-29 00:03:45,denims ,lockmeowt,sure,0,sure
2023-01-29 00:03:47,denims ,satchmobronson,@Denims i thought that's what we were doing already LUL,0,LUL
2023-01-29 00:03:49,denims ,magmascythe,Pog ALWAYS,0,pog
2023-01-29 00:03:59,denims ,vexingthoughts,anyone willing to gift me a sub ?,0,gift
2023-01-29 00:04:05,denims ,socialist_x_socialist,N OMEGALUL,0,OMEGALUL
2023-01-29 00:04:10,denims ,navak4seven,"Yeah, the Romans, Mongolians, hell even the Germans",0,hell
2023-01-29 00:04:16,denims ,yossaarian,hasMods friend haver,0,friend
2023-01-29 00:04:17,denims ,pkpokeman,i always love that when i am afraid it is work or spam,0,love spam
2023-01-29 00:04:19,denims ,dieatcola,hasMods friend haver,0,friend
2023-01-29 00:04:20,denims ,fusion_x,Friendship qtcJammies,0,friendship
2023-01-29 00:04:21,denims ,kxo72,@NavAK4Seven @suburbanerrorist_ for like maybe 20 years. the west does it for 500+ years,0,like
2023-01-29 00:04:22,denims ,jamesdm,"@jeemstate, careful with that go back shit, I get what you were saying but it comes off optically fucked KEKW",0,care fuck
2023-01-29 00:04:24,denims ,kingstonjames1919,Tastge spam,0,spam
2023-01-29 00:04:26,denims ,foo18,@Ihave12cats There is precedent for that. Mango got banned for passing out drunk for a bit a few years ago. The rules are always enforced harder on whoever gets massed reported more tho,0,ban drunk
2023-01-29 00:04:30,denims ,thandrea_20,@Denims is it Hassy PogU,0,PogU
2023-01-29 00:04:45,denims ,obrigaah,BLUBBERS ok,0,ok
2023-01-29 00:04:46,denims ,ghoatheads,BLUBBERS ok,0,ok
2023-01-29 00:04:50,denims ,jeemstate,@JamesDM ok peepoShy I will work on myself,0,ok
2023-01-29 00:04:52,denims ,bryguy5,Sadge,0,Sadge
2023-01-29 00:04:59,denims ,dean021,ugh fucked up,0,ugh fuck
2023-01-29 00:05:00,denims ,jossiem21,Sadge,0,Sadge
2023-01-29 00:05:00,denims ,navak4seven,You think they knocked on doors to convert ppl? Lol,0,lol
2023-01-29 00:05:03,denims ,jessi_quinn,oh cry me a goddamned river,0,goddamn
2023-01-29 00:05:05,denims ,suburbanerrorist_,widepeepoSad someone please think about the rich,0,rich
2023-01-29 00:05:07,denims ,theredmage333,Sadge,0,Sadge
2023-01-29 00:05:08,denims ,atlantictuna,Sad trombone,0,sad
2023-01-29 00:05:09,denims ,jamesdm,"@jeemstate, I just don't want you to get clapped up dankHug",0,want clap
2023-01-29 00:05:14,denims ,saxypandabear,NOOO MY PROFITS,0,profit
2023-01-29 00:05:14,denims ,guadaloopz,THIS BILL IS PogU,0,PogU
2023-01-29 00:05:17,denims ,trevtennessee,Just means he will get mad and destroy jobs,0,mad destroy
2023-01-29 00:05:18,denims ,kxo72,@NavAK4Seven @suburbanerrorist_ also only exclusively in east Asia and parts of the Asia pacific reason. not basically the entire world bar like 5 countries. stop it,0,like stop
2023-01-29 00:05:18,denims ,rei36chambers,slave labor Sadge,0,Sadge
2023-01-29 00:05:19,denims ,ziltoidhecomes,Get fucked mcdonals,0,fuck
2023-01-29 00:05:20,denims ,fiiiilth,"oh nyooo, not the millionaires Sadge",0,Sadge
2023-01-29 00:05:21,denims ,navak4seven,"False, I criticize America as well, it's very American to do so",0,critic
2023-01-29 00:05:22,denims ,therab1d,Sadge,0,Sadge
2023-01-29 00:05:22,denims ,thesparrow_gray,Get the fuck under the jail hasMad hasMad hasMad,0,fuck
2023-01-29 00:05:25,denims ,strawmanmebro,The poor corporate billionaires PepeHands,0,poor
2023-01-29 00:05:27,denims ,jovialstoic,Sadge he might have to rent out his second private jet sometimes,0,Sadge
2023-01-29 00:05:29,denims ,obrigaah,BLUBBERS THE POOR PRESIDENT,0,poor
2023-01-29 00:05:33,denims ,vexingthoughts,how much to pay the mcdonalds  executives ? two7BRR two7BRR two7BRR two7BRR two7BRR,0,pay
2023-01-29 00:05:33,denims ,rei36chambers,YEP,0,yep
2023-01-29 00:05:34,denims ,guadaloopz,AB 257 IS SO FUCKING BASED TOOBASED,0,fuck
2023-01-29 00:05:36,denims ,blissfuldan,I have nothing to say about this CEO that won’t get me banned :),0,ban :)
2023-01-29 00:05:39,denims ,jeemstate,@JamesDM ty sm HUGGERS u da besss,0,ty hugger
2023-01-29 00:05:39,denims ,theseductivebruja,I wish it was $25 though hasPray,0,wish
2023-01-29 00:05:40,denims ,veggietableh,"@NavAK4Seven ""I have never experienced racism in America."" Really criticizing America there buddy",0,racism critic
2023-01-29 00:05:41,denims ,jiff_d,Glaj HYPERCLAP Glad he's smart about his finances,0,glad smart
2023-01-29 00:05:49,denims ,destroyerking20,You do know that they need to stay profitable right?,0,profit
2023-01-29 00:05:51,denims ,oiled_pebbles,BRUH BRUH BRUH BRUH PLEASE JUST STOP BEING GREEDY FUCK SAKE OMEGALUL,0,stop fuck OMEGALUL
2023-01-29 00:05:52,denims ,navak4seven,"The entire Persian civilization lost its culture, religion and traditions because of the Arab invasions. Have you talked to an Iranian before? LOL",0,lost lol
2023-01-29 00:05:56,denims ,kxo72,@NavAK4Seven don't seem to be doing much on that end. like essentially calling it BS. you said that verbatim btw,0,like
2023-01-29 00:05:58,denims ,veggietableh,@NavAK4Seven never stop posting you're so stupid.,0,stop
2023-01-29 00:05:59,denims ,doubletaco,"share me the ""small business"" shit, C-suit exec from Yum Brands",0,share
2023-01-29 00:05:59,denims ,pauliwhirl3,YEP,0,yep
2023-01-29 00:06:00,denims ,nerdwiththebeanie,Bitch Joe Erlinger you aren't a small business owner.,0,bitch
2023-01-29 00:06:08,denims ,mobracco,YEP,0,yep
2023-01-29 00:06:09,denims ,satchmobronson,@destroyerking20 mcdonald's is still profitable in denmark nice try though!,0,profit nice
2023-01-29 00:06:10,denims ,jiff_d,Glaj HYPERCLAP Glad he's smart about his finances Glaj HYPERCLAP Glad he's smart about his finances Glaj HYPERCLAP Glad he's smart about his finances,0,glad smart
2023-01-29 00:06:12,denims ,kxo72,@NavAK4Seven when I mean it. I mean American racism,0,racism
2023-01-29 00:06:13,denims ,strawmanmebro,As if a major corporation cares about their competitors,0,care
2023-01-29 00:06:17,denims ,zeldasykes,another question for chat… i now have a purple star? what’s that mean :p,0,up
2023-01-29 00:06:18,denims ,homaosapian,@NavAK4Seven comparing twigs to the forest lol,0,lol
2023-01-29 00:06:19,denims ,destroyerking20,"They need to stay profitable, cuts have to be made",0,cut
2023-01-29 00:06:19,denims ,navak4seven,"All i'm getting is ad hominem attacks, not a single person has said anything intellectual",0,ha
2023-01-29 00:06:22,denims ,bagelsandloadedlox,Not my billionaire's profit margins widepeepoSad,0,profit
2023-01-29 00:06:22,denims ,voodoomichael,He must think it's the 50s still Small my ass,0,ass
2023-01-29 00:06:23,denims ,iandjcooper,every gigantic chain was once a small business don't treat them with kid gloves,0,treat
2023-01-29 00:06:24,denims ,jovialstoic,"dude is trying to pretend each franchise it just a humble, independent small business",0,pretend
2023-01-29 00:06:25,denims ,earthtoskelly,franchise that ppl have to pay to be a part of,0,pay
2023-01-29 00:06:26,denims ,amhowell,@satchmobronson CHUDDING yeah well after taxes income and VAT how many hours do you have to work to earn a big mac? wait nooo don't factor private health care as another cost,0,yeah well care
2023-01-29 00:06:29,denims ,dotoro3,literally worldwide OMEGALUL,0,OMEGALUL
2023-01-29 00:06:31,denims ,j_web_,YEP,0,yep
2023-01-29 00:06:31,denims ,bryguy5,yep maybe you shouldn't be a business,0,yep
2023-01-29 00:06:32,denims ,jennay_is_artsay,YEP,0,yep
2023-01-29 00:06:34,denims ,octminer,YEP,0,yep
2023-01-29 00:06:35,denims ,satchmobronson,@destroyerking20 they are still profitable at $22/hr,0,profit
2023-01-29 00:06:38,denims ,lancedavidson,YEP,0,yep
2023-01-29 00:06:39,denims ,nataksu,Then you shouldn't be in business if you can't pay YEP,0,pay yep
2023-01-29 00:06:40,denims ,nerdwiththebeanie,YEP,0,yep
2023-01-29 00:06:43,denims ,guadaloopz,they are trying to overturn this by doing what uber and lyft did with prop 22 FUCK MCDONALDS,0,fuck
2023-01-29 00:06:44,denims ,rei36chambers,the monopoly was always fake,0,fake
2023-01-29 00:06:45,denims ,luie774,They would just have to raise the Big Mac 10 cents for it to still be profitable,0,profit
2023-01-29 00:06:46,denims ,suburbanerrorist_,@NavAK4Seven you haven't even said anything smart at all and attacking people,0,smart attack
2023-01-29 00:06:47,denims ,jayzoosx,but my profit margins NOOO,0,profit
2023-01-29 00:06:48,denims ,thesparrow_gray,Oh hell no this slimy fuck isn’t trying to play “I’m helping the small beans” shit hasMad,0,hell fuck play help shit
2023-01-29 00:06:49,denims ,juxsdo,"McDonalds would run all small businesses out of business if it meant they made more profits, but they care about small businesses",0,care
2023-01-29 00:06:50,denims ,theseductivebruja,YEP,0,yep
2023-01-29 00:06:50,denims ,dieatcola,they are running a successfull capitalist business thought Sadge,0,successful Sadge
2023-01-29 00:06:50,denims ,rei36chambers,YEP,0,yep
2023-01-29 00:06:51,denims ,thetonebox,you literally can't afford employees fuck outta here,0,fuck
2023-01-29 00:06:51,denims ,shifty_cat,looks like Starbucks is larger by revenue,0,like
2023-01-29 00:06:53,denims ,obrigaah,"@NavAK4Seven Because we dont give a fuck about you, We like seeing you act stupid",0,fuck like stupid
2023-01-29 00:06:54,denims ,kamptotic,they pay u enough to never have upward mobility,0,pay
2023-01-29 00:06:54,denims ,saxypandabear,NOOO MY BUSINESS THAT IM FUCKING OVER,0,fuck
2023-01-29 00:06:59,denims ,vexingthoughts,@Fellini_Fiend Thanks for the gift sub! dnmHey dnmCozy two7Heart hildeb1ShtweaselLove,0,thank gift
2023-01-29 00:06:59,denims ,jovialstoic,"Yep, if you can't pay your workers, it just means that you're a crappy executive and should be fired",0,pay fire
2023-01-29 00:07:00,denims ,nintenchrisx2,@NavAK4Seven Homie why are you still talking lmao,0,lao
2023-01-29 00:07:00,denims ,destroyerking20,@destroyerking20 no they wouldn't be profitable at all,0,profit
2023-01-29 00:07:03,denims ,veggietableh,@NavAK4Seven say something of actual substance then KEKW fucking dolt - don't pivot to whining about random historical empires when people are shitting on you for simping for the current hegemon,0,fuck whine shit
2023-01-29 00:07:04,denims ,kreoss_v2,maybe eat less avocado toast and get a second job to pay your workers YEP,0,pay yep
2023-01-29 00:07:06,denims ,jaychanlive,NOOO my profit margin,0,profit
2023-01-29 00:07:09,denims ,dragonllama12,yea subway is huge,0,huge
2023-01-29 00:07:14,denims ,nextlifeafter,YEP cake bread is popular,0,yep popular
2023-01-29 00:07:15,denims ,tankspacer,Subway is disgusting,0,disgust
2023-01-29 00:07:19,denims ,suburbanerrorist_,someone please think of the CEO Sadge,0,Sadge
2023-01-29 00:07:25,denims ,pdxdash,"@NavAK4Seven Yeah, that racism doesn't exist. It's just a fact chat. chillKEKW",0,racism
2023-01-29 00:07:28,denims ,jovialstoic,Subway is only like 10% real food,0,like
2023-01-29 00:07:30,denims ,navak4seven,"He said nothing is worst than Western imperialism thats why I brought up prior history, learn to keep up.",0,worst
2023-01-29 00:07:31,denims ,veggietableh,"Nothing you have stated is correct, you literally said you have not experienced any racism in America and said its all B.S. @NavAK4Seven",0,racism
2023-01-29 00:07:34,denims ,starsyth,The subsidies Mc Donalds get prices small businesses out of the market. Its anti-competitive. Nobody can make burgers as cheap and its legitimately destroyed mom and pops burger joints across the globe.,0,destroy
2023-01-29 00:07:42,denims ,homaosapian,@NavAK4Seven bro is bringing up smaller wars to try to be in the same conversation as the british empire or the atlantic slave trade LOL,0,war lol
2023-01-29 00:07:44,denims ,jamesdm,"@NavAK4Seven, also insults aren't ad homs, they're not trying to undermine your arguments... they just think you're an asshole",0,insult
2023-01-29 00:07:48,denims ,vicks1424,Subway is huge because it doesn't need a real kitchen to function. Just some outlets,0,huge
2023-01-29 00:07:57,denims ,nerdwiththebeanie,YEP,0,yep
2023-01-29 00:08:07,denims ,obrigaah,YEP,0,yep
2023-01-29 00:08:10,denims ,lockmeowt,Franchises is how this shit works,0,shit
2023-01-29 00:08:14,denims ,dragunovdown2,Im a truck driver and I make 20 an hour Sadge,0,Sadge
2023-01-29 00:08:16,denims ,navak4seven,"Insults are ad hominems literally by definition. It doesn't matter if you challenge my ideas right after attacking me, its still an ad hom",0,insult matter attack
2023-01-29 00:08:18,denims ,zeldasykes,"I just got the purple star badge, what does it mean? lol",0,lol
2023-01-29 00:08:25,denims ,bigmilk13,YEP,0,yep
2023-01-29 00:08:28,denims ,saxypandabear,hasCapital free market should dictate wages. Down to zero hasCapital,0,free
2023-01-29 00:08:29,denims ,satchmobronson,"also raising the minimum wage has actually never resulted in increased unemployment, it's just a right-wing bogeyman.",0,ha
2023-01-29 00:08:30,denims ,juxsdo,this country is so disappointing,0,disappoint
2023-01-29 00:08:36,denims ,yossaarian,anti landlord adam smith TOOBASED,0,anti
2023-01-29 00:08:37,denims ,oiled_pebbles,YEP,0,yep
2023-01-29 00:08:40,denims ,amhowell,@Shifty_cat DansGame hes still a libertarian,0,dangan libertarian
2023-01-29 00:08:41,denims ,kreoss_v2,self-interest monkaW,0,monkaW
2023-01-29 00:08:51,denims ,earthtoskelly,and it wont drive away businesses it will just drive away businesses with a bad model that cant pay their workers a living wage,0,bad pay
2023-01-29 00:08:52,denims ,absyn__,"@TheMuznick it's pretty interesting if you look into it. subway markets itself as a great franchise opportunity for new business owners and has a very low ""buy-in"" cost due to the minimal and inexpensive appliances required compared to other restaurants",0,interest great ha low
2023-01-29 00:08:53,denims ,r3voked,"Scam, cheat, ripoff, steal NODDERS Madge",0,steal
2023-01-29 00:08:57,denims ,thesparrow_gray,Wait i can get paid 22ph to throw hands at popeyes hasPOGGIES hasPOGGIES hasPOGGIES hasPOGGIES,0,hand
2023-01-29 00:09:04,denims ,daruvik,YEP Consolidation of industry is a natural occurrence under capitalism,0,yep
2023-01-29 00:09:05,denims ,jamesdm,"@NavAK4Seven, brother that's in context of an argument. saying he's a dumb fuck therefore what hes saying doesnt matter is an ad hom, saying that you're an asshole is an observation",0,dumb fuck matter
2023-01-29 00:09:18,denims ,lockmeowt,Nevada is still low compared to California,0,low
2023-01-29 00:09:22,denims ,adigitalbob,"If raising minimum wage creates more unemployment, why are they raising interest rates instead to increase unemployment?!",0,interest
2023-01-29 00:09:24,denims ,themuznick,"@Jiff_D IDK honestly, as someone with a to be diagnosed form of diabetes, I've cut fast food from my life with the occasional wendys because I need their spicy nuggies",0,ink cut
2023-01-29 00:09:33,denims ,navak4seven,"you guys romanticize the past, again, read world history.",0,romantic
2023-01-29 00:09:45,denims ,earthtoskelly,never forget that they are profiteering off us us chat,0,forget profit
2023-01-29 00:09:46,denims ,humansupriyo,mods can we bad / timeout debate pervs . He has cooked enough hasL,0,bad ha
2023-01-29 00:09:49,denims ,dragonllama12,"Yeah it isn't just a reduction in workforce because those employees have more income, which spurs more economic action in the region",0,yeah
2023-01-29 00:09:52,denims ,jackburtonbt,@veggietableh the debate pervertry is strong in this one! hasNerd,0,strong
2023-01-29 00:09:59,denims ,satchmobronson,"7 minutes, think we'll make it to the end chat? Kappa <3",0,Kappa i
2023-01-29 00:10:17,denims ,shifty_cat,Pog BEER,0,pog
2023-01-29 00:10:18,denims ,ashes0610,jacobin! I love their magazine,0,love
2023-01-29 00:10:19,denims ,obrigaah,@risaurs_daddy PETPET Calm down dnmBonk,0,calm
2023-01-29 00:10:19,denims ,colonel_bread,I love nando,0,love
2023-01-29 00:10:21,denims ,voodoo_in_witchspace,how are we talkin about burgles and this motherfuckin milktoast crackr still on the racism discourse,0,racism
2023-01-29 00:10:33,denims ,suburbanerrorist_,yeah I do bc I am a history fan,0,yeah fan
2023-01-29 00:10:49,denims ,satchmobronson,this story is actually cool as hell,0,cool hell
2023-01-29 00:10:49,denims ,veggietableh,"@NavAK4Seven now you're arguing hypotheticals - only the U.S. and Britain have had the ability to project on a global scale - you clearly have not talked to a single historian or taken a single class - because MANY historians would tell you that Western imperialism has been the most damaging on a global scale - you admitted you were in biology, why are you talking like you have an inkling of knowledge about Humanities?",0,ha admit like
2023-01-29 00:10:54,denims ,info_thumbwars84,1981 that sure is close to 1984 :thinking_face:,0,sure :thinking_face:
2023-01-29 00:10:56,denims ,jeemstate,"Chatting none of y'all read world history, I am so smart, I am so smart",0,smart
2023-01-29 00:10:59,denims ,lockmeowt,true point,0,true
2023-01-29 00:11:00,denims ,dean021,how are unions useful if congress can just refuse their strike threats,0,strike threat
2023-01-29 00:11:02,denims ,navak4seven,"@jonnyjonnyfrost They don't use words like ''worst''. It's context depending, diff periods, diff methods of imperialism/torture, etc.",0,like
2023-01-29 00:11:09,denims ,dragonllama12,Collective bargaining TOOBASED,0,bargain
2023-01-29 00:11:14,denims ,obrigaah,YEP,0,yep
2023-01-29 00:11:19,denims ,nerdwiththebeanie,YEP,0,yep
2023-01-29 00:11:28,denims ,jackburtonbt,@veggietableh well said!,0,well
2023-01-29 00:11:35,denims ,landstander1236,and a singular person threatening to leave is no big deal as opposed to a collective,0,threaten
2023-01-29 00:11:36,denims ,cultofeyes,"the more scarcity for us, the more profits for them",0,profit
2023-01-29 00:11:39,denims ,veggietableh,@satchmobronson YEP im ignoring the global slave trade and silver trade,0,yep
2023-01-29 00:11:41,denims ,overshotlyric,YEP caitalism is about getting away it exploitation of workers as much as possible,0,yep exploit
2023-01-29 00:11:45,denims ,p3rilous3d,but better than usa,0,better
2023-01-29 00:11:45,denims ,iandjcooper,there is no good version just less bad,0,good bad
2023-01-29 00:11:49,denims ,satchmobronson,@veggietableh LUL,0,LUL
2023-01-29 00:11:55,denims ,av_apricot,Fictional good capitalism,0,good
2023-01-29 00:12:00,denims ,navak4seven,"@NavAK4Seven how the f have I made an excuse for western imperialism? I'm just saying there has been others in history, its not just white ppl.",0,ha
2023-01-29 00:12:05,denims ,dragunovdown2,there is no good capitalism,0,good
2023-01-29 00:12:09,denims ,colonel_bread,good version of capitalism you say? dnmGun,0,good
2023-01-29 00:12:14,denims ,trinnwreck,YEP,0,yep
2023-01-29 00:12:24,denims ,earthtoskelly,good capitalism KEKW,0,good
2023-01-29 00:12:31,denims ,rydahryot,"when they ask if you smoke, its not for your benefit its about your medical history LUL",0,benefit LUL
2023-01-29 00:12:33,denims ,obrigaah,YEP,0,yep
2023-01-29 00:12:35,denims ,p3rilous3d,@EarthToSkelly i missed it if someone said it,0,miss
2023-01-29 00:12:37,denims ,dragonllama12,It's free in Sweden,0,free
2023-01-29 00:12:38,denims ,veggietableh,"@NavAK4Seven because you're dodging every point talking about the issues with modern western imperialism by trying to say that less technologically advanced, regional powers were somehow able to inflict devastation on the scale that the U.S. has",0,ha
2023-01-29 00:12:40,denims ,rydahryot,we're fucked,0,fuck
2023-01-29 00:12:47,denims ,bryguy5,die i guess,0,die
2023-01-29 00:12:47,denims ,landstander1236,die,0,die
2023-01-29 00:12:48,denims ,iandjcooper,"yep monopsony, buyers market",0,yep
2023-01-29 00:12:49,denims ,xsunnyd,die Sadge,0,die Sadge
2023-01-29 00:12:52,denims ,malignant_narcissism,die,0,die
2023-01-29 00:12:53,denims ,dragonllama12,"""In Sweden, all diabetes-related prescriptions, including insulin, are free of charge, so I never have to worry about how I will pay for lifesaving medications.""",0,free pay
2023-01-29 00:12:54,denims ,hasan_lurker,die YEP,0,die yep
2023-01-29 00:12:54,denims ,magmascythe,We elect people to fight against us Sadge,0,fight Sadge
2023-01-29 00:12:55,denims ,lockmeowt,"welp, guess ill just die",0,ill die
2023-01-29 00:12:56,denims ,veggietableh,@NavAK4Seven KEKW ARE YOU GOING TO DEFEND THE HONOR OF WHITE PEOPLE WHEN IT COMES TO THE SLAVE TRADE NOW KEKL,0,honor
2023-01-29 00:12:59,denims ,daegon369,Pay up or die,0,pay die
2023-01-29 00:13:00,denims ,suburbanerrorist_,guess we'll just die YEP,0,die yep
2023-01-29 00:13:01,denims ,theseductivebruja,Death Sadge dnmCry,0,death Sadge
2023-01-29 00:13:05,denims ,jisoodreamcatcher,DIE IN MINECRAFT,0,die
2023-01-29 00:13:07,denims ,anythingtemporary,in a lot of european countries prescriptions for chronic conditions like diabetes are free,0,like free
2023-01-29 00:13:11,denims ,kxo72,"@NavAK4Seven You're not dumb. if you read what I said, you saw that I said the fact that others did it was used as an excuse to downplay how bad the europeans were when they did it. Again cope give up",0,bad
2023-01-29 00:13:15,denims ,tw1nski_,L O L,0,i
2023-01-29 00:13:15,denims ,samolivernewman,"Yeah you can get all your prescriptions under one £10 a month payment in the uk, doesn’t matter that the meds are",0,yeah matter
2023-01-29 00:13:16,denims ,nintenchrisx2,@NavAK4Seven Literally nobody has denied that non white people also did terrible stuff,0,ha
2023-01-29 00:13:17,denims ,satchmobronson,the medicine costs like 10 cents to make lol,0,like lol
2023-01-29 00:13:18,denims ,dragonllama12,They pay less than $9 for it and provide it for free,0,pay free
2023-01-29 00:13:20,denims ,jamesdm,"@NavAK4Seven, see them saying you have a bio degree and shouldnt speak authoritatively about humanities is both an ad hom and kind of an appeal to authority, saying you're a dick isn't",0,kind dick
2023-01-29 00:13:21,denims ,jonnyjonnyfrost,@navak4seven So you think the effects of Western Imperialism has been exaggerated?,0,ha
2023-01-29 00:13:24,denims ,j_web_,KKonaW yeah but how much freedom do they have,0,yeah freedom
2023-01-29 00:13:26,denims ,iandjcooper,were led to believe that that's good when that's literally the bare minimum for a functioning society NotLikeThis,0,good
2023-01-29 00:13:29,denims ,cymruphoenix,"prescriptions are free in Wales because of the NHS, it's pretty pogged",0,free pog
2023-01-29 00:13:36,denims ,cultofeyes,"workers have no power at the bargaining table, and any tool they could use has been lobbied and stripped away",0,bargain ha
2023-01-29 00:13:38,denims ,navak4seven,"@veggietableh well duh, Pol Pot only killed 1.5 million compared to 6 million Hitler did. Because Hitler had advanced weaponry to be more efficient with killing, you think Pol Pot wouldn't have wiped out more humans if they had the chance?",0,well kill
2023-01-29 00:13:40,denims ,rydahryot,i dont understand people who actively want to migrate to the united states,0,want
2023-01-29 00:13:42,denims ,kingashant,but what about the poor corporations,0,poor
2023-01-29 00:13:43,denims ,nerdwiththebeanie,Our social safety net is so fucked. GOP wants to raise the retiring age to 70! Nearly the life expectancy.,0,want
2023-01-29 00:13:52,denims ,voodoo_in_witchspace,@J_Web_ more than those dead ppl that didnt get insulin,0,dead
2023-01-29 00:14:01,denims ,rydahryot,save yourselves chatters <3,0,save i
2023-01-29 00:14:07,denims ,adigitalbob,They also pay way more taxes,0,pay
2023-01-29 00:14:10,denims ,p3rilous3d,@veggietableh youre hopeless,0,hopeless
2023-01-29 00:14:15,denims ,navak4seven,"I don't support Israel's IDF. But let's be honest, if Hamas had Israel technology, there would be no more Israel.",0,support
2023-01-29 00:14:17,denims ,veggietableh,"@NavAK4Seven Okay here we go, now we're getting to Holocaust minimalism, you realize the difference between what Pol Pot and what fucking HITLER was trying to accomplish right?",0,okay fuck accomplish
2023-01-29 00:14:27,denims ,p3rilous3d,@NavAK4Seven jfc youre dumb,0,dumb
2023-01-29 00:14:30,denims ,adigitalbob,@NavAK4Seven fuck colonialism :),0,fuck :)
2023-01-29 00:14:35,denims ,chanimorph,a large iced coffee at mcdicks costs $5 - its insane that they pay $9/hr,0,pay
2023-01-29 00:14:35,denims ,kxo72,@veggietableh mental gymnastics is strong with this one,0,strong
2023-01-29 00:14:40,denims ,i_am_the_dew_it,two burgers pays for an hour of labor,0,pay
2023-01-29 00:14:50,denims ,p3rilous3d,"i'm glad i only spotted him after he had an owner, care for your pets!!1 :PPP",0,glad care
2023-01-29 00:14:57,denims ,navak4seven,"Mao killed more than Hitler and Stalin, why? Cause he had the militrary and technology means to do so.",0,kill
2023-01-29 00:14:58,denims ,iandjcooper,price controls EZ fixed that for you,0,EZ
2023-01-29 00:15:06,denims ,sentriesrcute,interesting how they can afford to pay their workers in this sOciALiSt ScAnDinAviaN DyStopiA,0,interest pay
2023-01-29 00:15:11,denims ,suburbanerrorist_,I have to pay 35 cents more now HOGGERS,0,pay
2023-01-29 00:15:13,denims ,jackburtonbt,@veggietableh doin the LORDS work with this one... god bless ya!! hasPray hasPray,0,god bless
2023-01-29 00:15:15,denims ,shaken_bake,holy shit dud,0,shit dud
2023-01-29 00:15:16,denims ,definitelynotdusto,they will make 600% profit and still raise prices. just pay ppl more,0,profit pay
2023-01-29 00:15:17,denims ,p3rilous3d,@NavAK4Seven capitalism killed more than all of them combined,0,kill
2023-01-29 00:15:20,denims ,bietcola,D: people lie on the internet??,0,D:
2023-01-29 00:15:25,denims ,earthtoskelly,LIARS,0,liar
2023-01-29 00:15:28,denims ,veggietableh,"@JamesDM this is why saying ad hom to arguements is dumb as shit imo, its perfectly valid to tell a guy who majored in biology he shouldn't be wading into humanities when he knows nothing - i.e. Jordan Peterson's existence",0,dumb shit
2023-01-29 00:15:29,denims ,2hardcore,hasSlam literally lying dud,0,dud
2023-01-29 00:15:35,denims ,polts_,why are Americans so easily defeated by boomer platitudes and quips KEKWS,0,defeat
2023-01-29 00:15:36,denims ,navak4seven,Mao killed more humans than any dictator and he was a Commie. Lol.,0,kill
2023-01-29 00:15:36,denims ,guadaloopz,WEASELY LITTLE LIAR hasSlam,0,liar
2023-01-29 00:15:37,denims ,fiiiilth,monkaW don't die,0,monkaW die
2023-01-29 00:15:37,denims ,asticotgg,Weasely little liar dude,0,liar
2023-01-29 00:15:47,denims ,fiiiilth,D:,0,D:
2023-01-29 00:15:48,denims ,theseductivebruja,D:,0,D:
2023-01-29 00:15:50,denims ,jeemstate,@NavAK4Seven I love mao,0,love
2023-01-29 00:15:50,denims ,little_____bird,D:,0,D:
2023-01-29 00:15:52,denims ,swagadordali,inflation means they are charging more for their goods. Its disgusting that businesses dnt even need to give raises at the rate of inflation,0,disgust
2023-01-29 00:15:54,denims ,kxo72,@NavAK4Seven only one one country and @p3rilous3d is right on that one. maybe we should start looking into the amount of people capitalism has killed.,0,ha
2023-01-29 00:15:56,denims ,littlestar30,D:,0,D:
2023-01-29 00:15:58,denims ,bigmilk13,WHAAAT on my good christian internet??,0,good
2023-01-29 00:15:58,denims ,149matt,Weasley lil liar dude barbCmon,0,liar
2023-01-29 00:16:07,denims ,dragonllama12,OMEGALUL,0,OMEGALUL
2023-01-29 00:16:09,denims ,thelonelystoner90,When i was working at walmart i always wondered why they didnt pay us more when we would probably end up shopping at the store more and basically recycle our checks lol,0,pay lol
2023-01-29 00:16:10,denims ,navak4seven,@NavAK4Seven yeah i'm sure youd love him after he slaughtered ur fam too if they didnt give up their material goods,0,yeah sure love good
2023-01-29 00:16:12,denims ,urut0raman,And yet he sits on the money lol,0,lol
2023-01-29 00:16:13,denims ,guadaloopz,ONE OF THE BEST,0,best
2023-01-29 00:16:23,denims ,obrigaah,OMEGALUL Clap,0,OMEGALUL Clap
2023-01-29 00:16:25,denims ,dragonllama12,That's not the bad policy LUL,0,bad LUL
2023-01-29 00:16:32,denims ,cultofeyes,but why would they lie for profits Kappa doesn't capitalism encourage the morally correct decisions Kappa surely bad things wouldn't be more profitable Kappa,0,profit Kappa sure bad
2023-01-29 00:16:36,denims ,amhowell,@NavAK4Seven stealing peasant labor is cringe tho,0,steal
2023-01-29 00:16:37,denims ,kxo72,@NavAK4Seven yep cope,0,yep
2023-01-29 00:16:55,denims ,p3rilous3d,@JovialStoic i demand a danish translation!,0,demand
2023-01-29 00:17:01,denims ,jamesdm,"@veggietableh, yeah ad hom's aren't inherently bad they're just a thing that happens an when used as the only reply is a cop out. You argued actual points along with it.",0,yeah bad
2023-01-29 00:17:04,denims ,navak4seven,@veggietableh I'm replying to 10 diff people. It's like 1 against 10 and nobody has refuted anything,0,like ha
2023-01-29 00:17:08,denims ,rydahryot,yes all smart people should abandon ship on the US,0,smart abandon
2023-01-29 00:17:09,denims ,2hardcore,KEKL TRUE,0,true
2023-01-29 00:17:10,denims ,satchmobronson,"@Denims let's go back to the Jacobin video eventually though cuz the WAY they achieved that $22/hr is actually a cool story. i mean if you want, it's your channel",0,cool
2023-01-29 00:17:12,denims ,guadaloopz,look into AB 257 the bill its so fucking good,0,fuck good
2023-01-29 00:17:25,denims ,trinnwreck,another W for amourtant EZ,0,EZ
2023-01-29 00:17:25,denims ,veggietableh,@NavAK4Seven I've refuted all of your dumb points but please keep COPIUM like you've made a point,0,dumb like
2023-01-29 00:17:28,denims ,bumblebeeonetwothree,maybe Erlington should open an OF LUL,0,LUL
2023-01-29 00:17:33,denims ,gochloro,he has to be making more than that,0,ha
2023-01-29 00:17:33,denims ,navak4seven,ad homs are inherently bad because u arne't dealing with the ideas but rather attacking someones character,0,bad attack
2023-01-29 00:17:38,denims ,p3rilous3d,@JamesDM i have never once used my education to justify my position but as a STEM that would just be really stupid,0,stupid
2023-01-29 00:17:38,denims ,shadadams,Good for her,0,good
2023-01-29 00:17:43,denims ,0912suli,YEP,0,yep
2023-01-29 00:17:44,denims ,bietcola,YEP,0,yep
2023-01-29 00:17:49,denims ,landstander1236,she definitely works hard things Kappa,0,hard Kappa
2023-01-29 00:17:52,denims ,drpsychonautt,hey at least Amo WORKS for her money lol,0,lol
2023-01-29 00:17:52,denims ,jeemstate,character is important is it not? LMFAO,0,lao
2023-01-29 00:18:06,denims ,jovialstoic,Amo makes like $3 mil a month or so,0,like
2023-01-29 00:18:09,denims ,daveyamir,She’s doing crazy events and shit like irl dates and a medieval thing like bigger projects,0,shit like
2023-01-29 00:18:14,denims ,arithena_again,Frogan wants to to a hot tub stream with amouranth and wear a birkini,0,want
2023-01-29 00:18:17,denims ,trinnwreck,YEP,0,yep
2023-01-29 00:18:21,denims ,midnightsquirrels,Let alone fitting in her beauty and fitness schedule,0,fit
2023-01-29 00:18:22,denims ,rei36chambers,YEP,0,yep
2023-01-29 00:18:24,denims ,jamesdm,"@NavAK4Seven, well by bad I mean a useful fallacy, if someone makes actual counterpoints does it matter if they throw in an ad hom?",0,well bad matter
2023-01-29 00:18:25,denims ,corn_on_the_0rb0,@Denims She was also being exploited so yes but kinda sad,0,exploit sad
2023-01-29 00:18:25,denims ,kirklandia_,she's the one being exploited,0,exploit
2023-01-29 00:18:27,denims ,nfgayle,Those 4 hour sleepers are a special breed.,0,special
2023-01-29 00:18:31,denims ,nextlifeafter,EZ,0,EZ
2023-01-29 00:18:33,denims ,satchmobronson,CEOs barely work at all if we're being honest,0,honest
2023-01-29 00:18:33,denims ,navak4seven,"i haven't dissed anyone, just the poor logic of arguments and ahistorical view of history",0,poor argument
2023-01-29 00:18:38,denims ,2hardcore,from people that make the burgers people pay for,0,pay
2023-01-29 00:18:41,denims ,jackburtonbt,@NavAK4Seven take a hint then... 10+ people saying youre wrong and you still talkin. move on,0,wrong
2023-01-29 00:18:46,denims ,veggietableh,@NavAK4Seven people are clowning on you for being so clearly uneducated but talking like you know about things - like calling OTHER people ahistorical,0,like
2023-01-29 00:18:47,denims ,lockmeowt,"sell 3 burgers, I get the profit frm 2",0,profit
2023-01-29 00:18:51,denims ,zenyatta,she dances hard for 4+ hours straight and still has a smile for her chatters. i would be deceased,0,hard straight ha smile
2023-01-29 00:18:54,denims ,p3rilous3d,@NavAK4Seven youre dissing yourself pretty hard actually,0,hard
2023-01-29 00:19:05,denims ,jeemstate,"NERDGE  i haven't dissed anyone, just the poor logic of arguments and ahistorical view of history",0,poor argument
2023-01-29 00:19:06,denims ,urut0raman,@veggietableh Sounds like Dunning kruger,0,like
2023-01-29 00:19:06,denims ,dieatcola,"i wanna see a full day in a life of a CEO, what do they do to deserve these bonuses",0,bonus
2023-01-29 00:19:08,denims ,iandjcooper,part of her income comes from a gas station right? so she partly is exploiting but she still actually works hard everyday,0,exploit hard
2023-01-29 00:19:10,denims ,cyrixx2311,@BigManO23 how is she scamming ppl?,0,scam
2023-01-29 00:19:11,denims ,drpsychonautt,not to mention all the OSHA shit that doesn't get reported,0,shit
2023-01-29 00:19:13,denims ,navak4seven,"yes even if u challenge an idea brilliantly but throw in ad hominem's, the ad hom part is still the fallacy, despite whether the argument you've made is sound.",0,argument
2023-01-29 00:19:20,denims ,veggietableh,"@NavAK4Seven If you were educated like you say you were, you would recognize how laughably out of your depth you are right now. Maybe if we were talking about Biology?",0,like
2023-01-29 00:19:28,denims ,xenaul,Watch someone will argue she exploits weakness of workers who are unable to resist her sultry temptations,0,exploit weak
2023-01-29 00:19:32,denims ,xsunnyd,stop feedin the troll,0,stop
2023-01-29 00:19:37,denims ,p3rilous3d,@NavAK4Seven i strongly doubt any of your ideas are brilliant,0,doubt brilliant
2023-01-29 00:19:43,denims ,overshotlyric,EZ,0,EZ
2023-01-29 00:19:48,denims ,ghostthechi,@xenaul LUL LUL LUL LUL,0,LUL
2023-01-29 00:19:50,denims ,shifty_cat,"@NavAK4Seven insulting someone is not an ad hominem, dumbass. the insult is not an argument, it is an insult",0,insult
2023-01-29 00:19:52,denims ,swagadordali,the owner of the last company I worked for had zero experience in the industry. Couldnt add value if they wanted to,0,want
2023-01-29 00:19:55,denims ,veggietableh,@NavAK4Seven No one cares about the debate perv tactics you're bringing up because you're sad people are clowning on you,0,care sad
2023-01-29 00:19:56,denims ,definitelynotdusto,mcdonald can suck a mcdick,0,suck
2023-01-29 00:19:58,denims ,satchmobronson,this kind of striking is unfortunately illegal in the US,0,kind strike
2023-01-29 00:20:05,denims ,veggietableh,Insults are perfectly valid optic tools in a debate KEKW,0,insult
2023-01-29 00:20:12,denims ,mintysalmon,@denims I have an interview for a union job on Tuesday working on telephone poles you proud of me? hasL,0,proud
2023-01-29 00:20:17,denims ,athenebestryzeww,"the problem is, now i went to go to mc donalds...",0,problem
2023-01-29 00:20:20,denims ,iandjcooper,anyone bringing up Islamic conquest I raise you the reconquista and Spanish Inquisition now fuck off,0,fuck
2023-01-29 00:20:24,denims ,avalonjack,god that's so sick,0,god sick
2023-01-29 00:20:25,denims ,p3rilous3d,@Shifty_cat kekl he cookin hard tho,0,hard
2023-01-29 00:20:45,denims ,yossaarian,worker solidarity  LETSGO Clap,0,Clap
2023-01-29 00:20:46,denims ,amhowell,@NavAK4Seven AINTNOWAY i missed that holy shit,0,miss shit
2023-01-29 00:20:47,denims ,midnightsquirrels,Meanwhile the cost of a Big Mac has increased nearly 100% in the last 20 years without the wages increasing,0,ha
2023-01-29 00:20:52,denims ,lockmeowt,"threats work, who knew",0,threat
2023-01-29 00:20:58,denims ,lanehaspepehands,love me a good union strike,0,love good strike
2023-01-29 00:20:58,denims ,rock_licker_boi,FUCK STEVEN CROUDER,0,fuck
2023-01-29 00:20:59,denims ,colonel_bread,"it literally makes my heart flutter when I hear about workers sticking together like that across industries. I fucking love it, man",0,heart like fuck love
2023-01-29 00:21:00,denims ,navak4seven,"yes but the insult is still the ad hom, not the engaging of ideas. Sheesh not hard to grasp",0,insult hard
2023-01-29 00:21:00,denims ,r3voked,Its the ONLY way when fuckers have no morals,0,fucker
2023-01-29 00:21:06,denims ,veggietableh,@amhowell He thought Pol Pot would have killed more than Hitler if he was given the opportunity,0,kill
2023-01-29 00:21:07,denims ,p3rilous3d,"@NavAK4Seven no one is saying that bc you chose to put AK in your username your argument is irrelevant, we are saying your argument is irrelevant and your username is evidence youre a complete dumbass",0,argument dumbass
2023-01-29 00:21:13,denims ,jackburtonbt,@NavAK4Seven yes i am directly calling you an idiot now for continuing to type this dumb shit.,0,idiot dumb
2023-01-29 00:21:22,denims ,shifty_cat,"@NavAK4Seven saying ""your argument is wrong because you're a dumbass"" is an ad hominem. saying ""your argument is wrong AND you're a dumbass"" is not, it is a distinct insult",0,argument wrong insult
2023-01-29 00:21:24,denims ,ghostthechi,Unions are bad for capitalism,0,bad
2023-01-29 00:21:26,denims ,jamesdm,"@NavAK4Seven, they're arguing points with you and then making fun of you not undermining your point by just calling you an asshole and making no counterpoint KEKW",0,fun
2023-01-29 00:21:27,denims ,kioken,My airline just picketed at the airports the other day. It wasn’t a strike. Wish we were allowed to do that. But hope it brought some awareness.,0,wish allow hope
2023-01-29 00:21:27,denims ,lockmeowt,thre are like 20 danish people,0,like
2023-01-29 00:21:27,denims ,melyemmm,How anyone can think that’s it fine that minimum wage hasn’t changed since I was in high school is fine is beyond my understanding.,0,fine
2023-01-29 00:21:34,denims ,navak4seven,"@NavAK4Seven AK is the first two letters of my last name, but thanks for that erroneous analysis.",0,thank
2023-01-29 00:21:38,denims ,jeemstate,"why are you even arguing what an ad hom is, it's so fucking stupid. it's like a jerk circle",0,fuck like jerk
2023-01-29 00:21:49,denims ,lilbrownied,this is good stuff,0,good
2023-01-29 00:21:52,denims ,rydahryot,FeelsGoodMan,0,FeelsGoodMan
2023-01-29 00:21:54,denims ,veggietableh,Hiding behind debate pervertry by calling everything a fallacy and an adhom is just boring masturbation @NavAK4Seven,0,hide bore
2023-01-29 00:21:54,denims ,p3rilous3d,@NavAK4Seven still makes you look like a dumbass,0,like dumbass
2023-01-29 00:21:56,denims ,navak4seven,"@JamesDM The arguments aren't the ad hom, the insults after or before are.",0,argument insult
2023-01-29 00:22:01,denims ,juxsdo,racists say what?,0,racist
2023-01-29 00:22:02,denims ,definitelynotdusto,LUL is this nav fool still at it?,0,LUL fool
2023-01-29 00:22:12,denims ,komradewinston,Pog Jacobin,0,pog
2023-01-29 00:22:13,denims ,satchmobronson,@DefinitelyNotDusto i eventually couldn't take it and blocked him,0,block
2023-01-29 00:22:13,denims ,guadaloopz,"this also disproves the companies saying ""if u do that we will leave the state"" they wont they will capitulate and if they want to leave so badly FUCKING LEAVE hasSlam",0,want fuck
2023-01-29 00:22:16,denims ,p3rilous3d,@JamesDM your words are insulting to our collective chat intelligence,0,insult
2023-01-29 00:22:19,denims ,shifty_cat,"@NavAK4Seven again, an insult is not an ad hominem, dipshit.",0,insult
2023-01-29 00:22:29,denims ,afroaltruism,"ive had danish mcdonalds, it taste okay but thats the best you can expect from me. a mcdonalds hater",0,okay best hater
2023-01-29 00:22:31,denims ,navak4seven,@Shifty_cat It's okay if you lack reading comprehensibility.,0,okay lack
2023-01-29 00:22:34,denims ,greshark,@chriscatastrophe you probably won't because the understanding is just racism,0,racism
2023-01-29 00:22:41,denims ,lockmeowt,"I was told in a meeting recently, ""if you dont like it , leave."":",0,like
2023-01-29 00:22:48,denims ,veggietableh,@NavAK4Seven We know we're insulting you KEKW - but you just want to masturbate about being a debate pervert,0,insult want pervert
2023-01-29 00:22:50,denims ,nextlifeafter,KEKW Clap,0,Clap
2023-01-29 00:22:53,denims ,shy_guy201,"@NavAK4Seven this guy followed hasan, melina and alinity the say day. i wonder what hole he crawled out of? :thinking_face:",0,:thinking_face:
2023-01-29 00:22:55,denims ,vyxzenlyxzen,"@definitelynotdusto Looks like it, I just blocked his ass because I was tired of him overloading chat.",0,like block ass overload
2023-01-29 00:22:56,denims ,veggietableh,God he's so dumb @Denims,0,god dumb
2023-01-29 00:22:56,denims ,yossaarian,i blocked the pet :),0,block :)
2023-01-29 00:22:58,denims ,obrigaah,@NavAK4Seven WOW 120 messages in one hour Chatting,0,wow
2023-01-29 00:22:59,denims ,suburbanerrorist_,yeah from where I'm from the labour unions and the min wage is put on the back burner because otherwise the corporations would feel sad,0,yeah sad
2023-01-29 00:23:05,denims ,nextlifeafter,its been very fun spbSnac,0,fun
2023-01-29 00:23:08,denims ,coffinspired,"Hmm Wait, you're telling me that the generous corporations won't be just as nice to the workers as a union?",0,nice
2023-01-29 00:23:09,denims ,themoronbrosshow,im dumb in a funny way,0,dumb
2023-01-29 00:23:13,denims ,xsunnyd,Sadge half the chat is him baiting,0,Sadge
2023-01-29 00:23:18,denims ,rock_licker_boi,SORRY IVE BEEN SWEARING.  ILL STOP,0,ill stop
2023-01-29 00:23:21,denims ,yossaarian,@tofugh0st  Pog peepoHey i hope you are doing well dankHug,0,pog hope well
2023-01-29 00:23:21,denims ,amhowell,LEFTERS HOGGIES its so cute,0,cute
2023-01-29 00:23:22,denims ,p3rilous3d,LMAO he is kinda funny,0,lao
2023-01-29 00:23:29,denims ,tw1nski_,bargaining skills,0,bargain
2023-01-29 00:23:33,denims ,veggietableh,@NavAK4Seven BRO YOU'RE SAYING THE NOUN AND THE ADJECTIVE OF A WORD ARE THE SAME THING YOU CANNOT BE THIS STUPID,0,stupid
2023-01-29 00:23:35,denims ,definitelynotdusto,Kappa talism,0,Kappa
2023-01-29 00:23:35,denims ,obrigaah,NODDERS You can block the chatter,0,block
2023-01-29 00:23:37,denims ,tm_stn,am I not banned because I am funny or because I am invisible?,0,ban
2023-01-29 00:23:38,denims ,cassian_andor_,@tofuGH0ST Pog it's tofu,0,pog
2023-01-29 00:23:39,denims ,tofugh0st,chat just remember you have to take care of the pet and it’s your responsibility NODDERS,0,care
2023-01-29 00:23:44,denims ,dean021,all-in every hand,0,hand
2023-01-29 00:23:45,denims ,jeemstate,"if sex positions were debate pervetry, then all mr. AK4Seven would provide is missionary. kinda boring PETTHECHUD",0,bore
2023-01-29 00:23:46,denims ,shifty_cat,that's just feudalism with more steps NODDERS,0,feudal
2023-01-29 00:23:49,denims ,littlemetal,chic fil a pays $18/hr in missouri and our cost of living is a 1/4 of california,0,chic pay
2023-01-29 00:23:51,denims ,tinyobserver00,capitalism is the killer of souls,0,killer
2023-01-29 00:23:52,denims ,poroporoking,just win,0,win
2023-01-29 00:23:57,denims ,swaneelbox,that’s a good analogy,0,good
2023-01-29 00:23:59,denims ,p3rilous3d,@jeemstate <3 geebus!,0,i
2023-01-29 00:24:00,denims ,swagadordali,playing monopoly with someone who already owns all the property LUL,0,play LUL
2023-01-29 00:24:03,denims ,veggietableh,@NavAK4Seven AND YOU SAID READING COMPREHENSIBILITY INSTEAD OF COMPREHENSION WHEN YOU WERE TRYING TO OWN SOMEONE ABOUT THEIR LACK OF READING COMPREHENSION HOW ARE YOU REAL KEKU,0,lack
2023-01-29 00:24:09,denims ,iandjcooper,the house always wins hasCapital,0,win
2023-01-29 00:24:16,denims ,ryanthesanguine,"""Just pull yourself up by your bootstraps"" like a fucking Looney Toon.",0,like fuck
2023-01-29 00:24:17,denims ,slime_szzn,Nah that’s the poker table I want to sit at,0,nah want
2023-01-29 00:24:17,denims ,shy_guy201,@veggietableh OMEGALUL,0,OMEGALUL
2023-01-29 00:24:18,denims ,juxsdo,capitalist propaganda is one hell of a drug,0,propaganda hell
2023-01-29 00:24:18,denims ,anteros78,The Ontario government here in Canada tried to use legislation to take away bargaining rights for government employees and all the unions banded together and got them to reverse within a week.,0,bargain
2023-01-29 00:24:26,denims ,drpsychonautt,Dad yells at us a lot lately. you're a lovely refresher with all the same great content lmao,0,love great lao
2023-01-29 00:24:28,denims ,swaneelbox,Profits over ppl,0,profit
2023-01-29 00:24:31,denims ,0bigyo0,@veggietableh OMEGALUL,0,OMEGALUL
