Data,Channel,Username,OriginalMessage,Message
2023-01-28 23:54:33,denims ,kirklandia_,PepeLa,pepela
2023-01-28 23:54:57,denims ,jesterbrymstone,PepeLa,pepela
2023-01-28 23:59:26,denims ,hasan_lurker,PepeLa you can,pepela
2023-01-28 23:59:27,denims ,fiiiilth,PepeLa,pepela
2023-01-28 23:59:40,denims ,ira_q_bella,PepeLa,pepela
2023-01-29 00:02:02,denims ,hasan_lurker,PepeLa,pepela
2023-01-29 00:02:04,denims ,elaanayo,PepeLa,pepela
2023-01-29 00:02:06,denims ,encephalopathy_,PepeLa,pepela
2023-01-29 00:02:08,denims ,obrigaah,PepeLa,pepela
2023-01-29 00:02:09,denims ,gotham____,PepeLa,pepela
2023-01-29 00:02:10,denims ,salemgraves56,PepeLa,pepela
2023-01-29 00:02:11,denims ,pipplupturt,PepeLa,pepela
2023-01-29 00:02:11,denims ,jossiem21,PepeLa,pepela
2023-01-29 00:02:12,denims ,humansupriyo,PepeLa,pepela
2023-01-29 00:02:13,denims ,suburbanerrorist_,PepeLa,pepela
2023-01-29 00:02:16,denims ,engrey,PepeLa,pepela
2023-01-28 23:54:35,denims ,hettaw,OMFG,omfg
2023-01-28 23:54:35,denims ,bagelsandloadedlox,KEKW,kekw
2023-01-28 23:54:38,denims ,versoh_818,KEKW,kekw
2023-01-28 23:54:43,denims ,gotham____,KEKW,kekw
2023-01-28 23:54:44,denims ,anxiousdumpling,KEKW,kekw
2023-01-28 23:57:50,denims ,osheen,KEKW,kekw
2023-01-28 23:57:51,denims ,ghoatheads,KEKW,kekw
2023-01-28 23:57:51,denims ,bagelsandloadedlox,KEKW,kekw
2023-01-28 23:57:52,denims ,funksupreme,KEKW,kekw
2023-01-28 23:57:53,denims ,overshotlyric,KEKW,kekw
2023-01-28 23:57:54,denims ,machineteeth,KEKW,kekw
2023-01-28 23:57:55,denims ,lilbrownied,KEKW,kekw
2023-01-28 23:57:56,denims ,jossiem21,KEKW,kekw
2023-01-28 23:58:01,denims ,pirateidealist,KEKW,kekw
2023-01-28 23:58:01,denims ,blkobsidiannn,KEKW,kekw
2023-01-28 23:58:01,denims ,fellini_fiend,KEKW,kekw
2023-01-28 23:58:01,denims ,humansupriyo,KEKW,kekw
2023-01-28 23:58:05,denims ,herotoxiko,KEKW,kekw
2023-01-28 23:58:29,denims ,fiiiilth,KEKW,kekw
2023-01-28 23:58:30,denims ,chrig666,KEKW,kekw
2023-01-28 23:58:35,denims ,nerdwiththebeanie,KEKW,kekw
2023-01-29 00:00:00,denims ,fellini_fiend,KEKW,kekw
2023-01-29 00:00:00,denims ,pauliwhirl3,KEKW,kekw
2023-01-29 00:00:01,denims ,bagelsandloadedlox,KEKW,kekw
2023-01-29 00:00:03,denims ,fiiiilth,KEKW,kekw
2023-01-29 00:00:09,denims ,engrey,KEKW,kekw
2023-01-29 00:00:10,denims ,47crucial,KEKW,kekw
2023-01-29 00:00:27,denims ,gotham____,KEKW,kekw
2023-01-29 00:04:20,denims ,ghoatheads,KEKW,kekw
2023-01-29 00:14:04,denims ,dragonllama12,KEKW,kekw
2023-01-29 00:17:02,denims ,fiiiilth,KEKW,kekw
2023-01-29 00:17:11,denims ,liukangol,KEKW,kekw
2023-01-29 00:17:12,denims ,blkobsidiannn,KEKW,kekw
2023-01-29 00:17:13,denims ,dieatcola,KEKW,kekw
2023-01-29 00:17:19,denims ,salemgraves56,KEKW,kekw
2023-01-29 00:17:44,denims ,xennotehrogue,KEKW,kekw
2023-01-29 00:22:51,denims ,fiiiilth,KEKW,kekw
2023-01-28 23:54:36,denims ,mattygyptian,lmao,lmao
2023-01-29 00:23:04,denims ,carlosss_estevez,Lmao,lmao
2023-01-29 00:23:09,denims ,p3rilous3d,lmao,lmao
2023-01-28 23:54:36,denims ,i_am_the_dew_it,OOF,oof
2023-01-28 23:54:38,denims ,reuubs,TOOBASED,toobas
2023-01-29 00:00:13,denims ,yossaarian,TOOBASED,toobas
2023-01-29 00:00:15,denims ,iandjcooper,TOOBASED,toobas
2023-01-29 00:00:21,denims ,obrigaah,TOOBASED,toobas
2023-01-29 00:00:45,denims ,thehappyparadox,TOOBASED,toobas
2023-01-29 00:00:56,denims ,jamesdm,TOOBASED,toobas
2023-01-29 00:00:56,denims ,lilbrownied,TOOBASED,toobas
2023-01-29 00:00:59,denims ,mattygyptian,TOOBASED,toobas
2023-01-29 00:01:03,denims ,humansupriyo,TOOBASED,toobas
2023-01-29 00:01:07,denims ,blkobsidiannn,TOOBASED,toobas
2023-01-29 00:01:13,denims ,bagelsandloadedlox,TOOBASED,toobas
2023-01-29 00:01:47,denims ,starbuckswitch,TOOBASED,toobas
2023-01-29 00:03:44,denims ,hasan_lurker,TOOBASED,toobas
2023-01-29 00:06:32,denims ,gothamrhinox,TOOBASED,toobas
2023-01-29 00:10:15,denims ,theseductivebruja,TOOBASED,toobas
2023-01-29 00:18:32,denims ,iandjcooper,TOOBASED,toobas
2023-01-29 00:19:53,denims ,bagelsandloadedlox,TOOBASED,toobas
2023-01-29 00:19:55,denims ,fiiiilth,TOOBASED,toobas
2023-01-29 00:20:08,denims ,theseductivebruja,TOOBASED,toobas
2023-01-29 00:20:11,denims ,cymruphoenix,TOOBASED,toobas
2023-01-29 00:20:11,denims ,sutkila,TOOBASED,toobas
2023-01-29 00:20:20,denims ,kxo72,TOOBASED,toobas
2023-01-29 00:20:22,denims ,obrigaah,TOOBASED,toobas
2023-01-28 23:54:41,denims ,suburbanerrorist_,unPOGGERS,unpogg
2023-01-28 23:54:42,denims ,47crucial,holyshit,holyshit
2023-01-28 23:54:43,denims ,potrues,OMG,omg
2023-01-28 23:54:43,denims ,gorbograndman,he ulted,ult
2023-01-28 23:54:44,denims ,saxypandabear,hasChud,haschud
2023-01-28 23:54:50,denims ,47crucial,is he banned?,banned?
2023-01-28 23:54:53,denims ,piouslambda,IN MINECRAFT!,minecraft!
2023-01-28 23:54:56,denims ,starbuckswitch,mjinxUnPOGGERS,mjinxunpogg
2023-01-28 23:55:02,denims ,zacktsnack,hahaha,hahaha
2023-01-28 23:55:05,denims ,mattygyptian,mjinxW,mjinxw
2023-01-28 23:55:46,denims ,guadaloopz,FeelsDankMan,feelsdankman
2023-01-28 23:56:32,denims ,blkobsidiannn,NotLikeThis,notlikethi
2023-01-29 00:05:04,denims ,pauliwhirl3,NotLikeThis,notlikethi
2023-01-28 23:56:33,denims ,oiled_pebbles,ITS NOT OMEGADANCE,omegad
2023-01-29 00:00:08,denims ,thandrea_20,OMEGADANCE,omegad
2023-01-29 00:17:05,denims ,thandrea_20,OMEGADANCE,omegad
2023-01-28 23:57:28,denims ,juxsdo,lool,lool
2023-01-28 23:57:53,denims ,octminer,KEKL,kekl
2023-01-28 23:57:56,denims ,xcrimsonwolfx,KEKL,kekl
2023-01-28 23:59:21,denims ,obliviousblackman,KEKL,kekl
2023-01-29 00:00:00,denims ,xcrimsonwolfx,KEKL,kekl
2023-01-29 00:00:01,denims ,nerdwiththebeanie,KEKL,kekl
2023-01-29 00:00:03,denims ,trianglenine,KEKL,kekl
2023-01-29 00:00:09,denims ,definitelynotdusto,KEKL KEKL KEKL KEKL,kekl
2023-01-29 00:00:38,denims ,dirtymerlin,KEKL,kekl
2023-01-29 00:00:41,denims ,jovialstoic,KEKL,kekl
2023-01-29 00:04:00,denims ,obrigaah,KEKL,kekl
2023-01-29 00:04:18,denims ,obrigaah,KEKL,kekl
2023-01-29 00:17:05,denims ,trinnwreck,KEKL,kekl
2023-01-29 00:17:07,denims ,therab1d,KEKL,kekl
2023-01-29 00:17:08,denims ,obrigaah,KEKL,kekl
2023-01-29 00:17:10,denims ,k0ll1d3r,KEKL,kekl
2023-01-29 00:17:12,denims ,casualcroissant,KEKL,kekl
2023-01-29 00:17:19,denims ,relativistickillthistle,KEKL,kekl
2023-01-28 23:58:00,denims ,obrigaah,qtcCookie qtcCookie qtcCookie qtcCookie qtcCookie qtcCookie qtcCookie qtcCookie qtcCookie qtcCookie qtcCookie qtcCookie qtcCookie qtcCookie qtcCookie,qtccooki
2023-01-28 23:58:02,denims ,obrigaah,qtcCookie qtcCookie qtcCookie qtcCookie qtcCookie qtcCookie qtcCookie qtcCookie qtcCookie qtcCookie qtcCookie qtcCookie qtcCookie qtcCookie qtcCookie,qtccooki
2023-01-28 23:58:05,denims ,thesparrow_gray,qtcCookie,qtccooki
2023-01-28 23:58:15,denims ,vibery_,qtcCookie,qtccooki
2023-01-28 23:58:19,denims ,loosereign,qtcCookie,qtccooki
2023-01-28 23:58:01,denims ,osheen,PETTHECHUD,petthechud
2023-01-28 23:58:07,denims ,trevtennessee,PETTHECHUD,petthechud
2023-01-28 23:58:08,denims ,bagelsandloadedlox,PETTHECHUD,petthechud
2023-01-28 23:58:28,denims ,trinnwreck,PETTHECHUD,petthechud
2023-01-29 00:22:50,denims ,iandjcooper,PETTHECHUD,petthechud
2023-01-29 00:22:55,denims ,j_web_,PETTHECHUD,petthechud
2023-01-29 00:22:59,denims ,fiiiilth,PETTHECHUD,petthechud
2023-01-29 00:23:00,denims ,tofugh0st,PETTHECHUD,petthechud
2023-01-29 00:23:04,denims ,theseductivebruja,PETTHECHUD,petthechud
2023-01-29 00:23:07,denims ,komradewinston,PETTHECHUD,petthechud
2023-01-29 00:23:10,denims ,north931,PETTHECHUD,petthechud
2023-01-29 00:23:14,denims ,bagelsandloadedlox,PETTHECHUD,petthechud
2023-01-29 00:23:14,denims ,dikkeboterhamftw,PETTHECHUD,petthechud
2023-01-29 00:23:23,denims ,moxymooo,PETTHECHUD,petthechud
2023-01-28 23:58:01,denims ,hasan_lurker,SoCute,socut
2023-01-28 23:58:16,denims ,fiiiilth,SoCute,socut
2023-01-28 23:58:06,denims ,lilbrownied,widepeepoHappy,widepeepohappi
2023-01-29 00:04:07,denims ,veggietableh,widepeepoHappy,widepeepohappi
2023-01-29 00:04:11,denims ,d00dlebirb,widepeepoHappy,widepeepohappi
2023-01-29 00:04:12,denims ,engrey,widepeepoHappy,widepeepohappi
2023-01-29 00:04:13,denims ,strawmanmebro,widepeepoHappy,widepeepohappi
2023-01-29 00:04:14,denims ,bagelsandloadedlox,widepeepoHappy,widepeepohappi
2023-01-29 00:04:15,denims ,ihave12cats,widepeepoHappy,widepeepohappi
2023-01-29 00:04:16,denims ,meinekemanr6,widepeepoHappy,widepeepohappi
2023-01-28 23:58:09,denims ,lockmeowt,yaaaayyyy,yaaaayyyi
2023-01-28 23:58:15,denims ,vision_of_elsewhere,Aww,aww
2023-01-29 00:03:09,denims ,kioken,Aww,aww
2023-01-28 23:58:21,denims ,aquastoakes,dsaDance dsaDance dsaDance dsaDance,dsadanc
2023-01-28 23:58:23,denims ,gotham____,TASTYGE,tastyg
2023-01-28 23:58:40,denims ,149matt,barbKEK,barbkek
2023-01-28 23:58:45,denims ,obrigaah,D jokes?,jokes?
2023-01-28 23:59:03,denims ,obrigaah,Jammies,jammi
2023-01-28 23:59:04,denims ,theseductivebruja,LETSGO,letsgo
2023-01-28 23:59:13,denims ,obliviousblackman,LETSGO,letsgo
2023-01-29 00:00:04,denims ,obliviousblackman,LETSGO,letsgo
2023-01-29 00:00:06,denims ,d00dlebirb,letsgo,letsgo
2023-01-29 00:00:09,denims ,d00dlebirb,LETSGO,letsgo
2023-01-29 00:00:13,denims ,oiled_pebbles,LETSGO,letsgo
2023-01-29 00:02:55,denims ,hasanshrtdealer,LETSGO,letsgo
2023-01-29 00:03:15,denims ,engrey,LETSGO,letsgo
2023-01-29 00:03:23,denims ,dieatcola,LETSGO,letsgo
2023-01-29 00:20:10,denims ,hasan_lurker,LETSGO,letsgo
2023-01-29 00:20:19,denims ,salemgraves56,LETSGO,letsgo
2023-01-28 23:59:08,denims ,mewtwo_appeared,POG,pog
2023-01-28 23:59:12,denims ,kxo72,POG,pog
2023-01-29 00:02:58,denims ,fellini_fiend,Pog,pog
2023-01-29 00:02:58,denims ,trevtennessee,Pog,pog
2023-01-29 00:03:02,denims ,jossiem21,Pog,pog
2023-01-29 00:03:03,denims ,socialist_x_socialist,Pog,pog
2023-01-29 00:03:05,denims ,xsunnyd,POG,pog
2023-01-29 00:03:06,denims ,overshotlyric,Pog,pog
2023-01-29 00:03:11,denims ,therab1d,Pog,pog
2023-01-29 00:03:13,denims ,lmoblackl,Pog,pog
2023-01-29 00:03:16,denims ,north931,Pog,pog
2023-01-29 00:03:22,denims ,ghoatheads,Pog,pog
2023-01-29 00:10:19,denims ,fiiiilth,Pog,pog
2023-01-28 23:59:10,denims ,d00dlebirb,pcrowYay,pcrowyay
2023-01-28 23:59:26,denims ,obrigaah,monkaHmm,monkahmm
2023-01-28 23:59:32,denims ,saxypandabear,Hmm,hmm
2023-01-29 00:13:47,denims ,j_web_,Hmm,hmm
2023-01-29 00:14:04,denims ,obrigaah,Hmm,hmm
2023-01-29 00:14:08,denims ,engrey,Hmm,hmm
2023-01-29 00:14:09,denims ,nerdwiththebeanie,Hmm,hmm
2023-01-29 00:14:15,denims ,strawmanmebro,Hmm,hmm
2023-01-28 23:59:32,denims ,chrig666,lolol,lolol
2023-01-28 23:59:48,denims ,mr_bjtches,welp,welp
2023-01-28 23:59:58,denims ,astromias,LMAOOOOO,lmaooooo
2023-01-29 00:00:01,denims ,ihave12cats,GIGACHAD,gigachad
2023-01-29 00:00:08,denims ,meinekemanr6,GIGACHAD,gigachad
2023-01-29 00:00:08,denims ,overshotlyric,GIGACHAD,gigachad
2023-01-29 00:00:12,denims ,d00dlebirb,GIGACHAD,gigachad
2023-01-29 00:00:14,denims ,octminer,GIGACHAD,gigachad
2023-01-29 00:00:20,denims ,xcrimsonwolfx,GIGACHAD,gigachad
2023-01-29 00:00:35,denims ,blkobsidiannn,GIGACHAD,gigachad
2023-01-29 00:00:05,denims ,lockmeowt,yikes,yike
2023-01-29 00:00:06,denims ,goldrubyproduction,hasPOGGIES hasPOGGIES hasPOGGIES hasPOGGIES hasPOGGIES hasPOGGIES hasPOGGIES hasPOGGIES hasPOGGIES hasPOGGIES,haspoggi
2023-01-29 00:00:06,denims ,jiff_d,GIGALEK,gigalek
2023-01-29 00:00:09,denims ,arjunlive123,asian?,asian?
2023-01-29 00:00:09,denims ,nintenchrisx2,bdeoLilN,bdeoliln
2023-01-29 00:00:11,denims ,tinyobserver00,O.o,o.o
2023-01-29 00:00:11,denims ,stinkstankstunk,ballsLul,ballslul
2023-01-29 00:00:16,denims ,satchmobronson,BLOCKEDT,blockedt
2023-01-29 00:00:24,denims ,trianglenine,BLOCKEDT,blockedt
2023-01-29 00:00:39,denims ,kxo72,BLOCKEDT,blockedt
2023-01-29 00:00:47,denims ,buttthread,BLOCKEDT,blockedt
2023-01-29 00:00:18,denims ,nfgayle,BLOCK-EDTTT,block-edttt
2023-01-29 00:00:19,denims ,lilbrownied,BLOCKT,blockt
2023-01-29 00:00:20,denims ,socialismiswhennofun,blockt,blockt
2023-01-29 00:00:31,denims ,tankspacer,blockT,blockt
2023-01-29 00:00:35,denims ,gwenefarious,BlockT,blockt
2023-01-29 00:04:26,denims ,encephalopathy_,blockt,blockt
2023-01-29 00:04:28,denims ,humansupriyo,BLOCKT,blockt
2023-01-29 00:00:26,denims ,mattygyptian,BLOCKTTTT,blocktttt
2023-01-29 00:00:27,denims ,bryguy5,blokt,blokt
2023-01-29 00:00:28,denims ,rock_licker_boi,BLOKT,blokt
2023-01-29 00:00:45,denims ,whykillbeep,BLOKT,blokt
2023-01-29 00:04:19,denims ,xsunnyd,BLOKT,blokt
2023-01-29 00:00:27,denims ,lockmeowt,hasPray,haspray
2023-01-29 00:00:28,denims ,definitelynotdusto,PeriodT,periodt
2023-01-29 00:00:46,denims ,fellini_fiend,periodt,periodt
2023-01-29 00:01:02,denims ,trianglenine,PERIODT,periodt
2023-01-29 00:00:31,denims ,adan_oki,blockedT.,blockedt.
2023-01-29 00:00:34,denims ,xcrimsonwolfx,BLOCKDT,blockdt
2023-01-29 00:00:37,denims ,jiff_d,LETHIMCOOK,lethimcook
2023-01-29 00:00:39,denims ,billydenim,SHIIIIIIIIIIIIIIIIIIIIIIIIIT,shiiiiiiiiiiiiiiiiiiiiiiiiit
2023-01-29 00:00:40,denims ,anxiousdumpling,BLOCKT.,blockt.
2023-01-29 00:00:49,denims ,loosereign,gd,gd
2023-01-29 00:01:02,denims ,billydenim,BLOCCKKEDTT,blocckkedtt
2023-01-29 00:01:07,denims ,kayazkollektiv,E’erboddy,e’erboddi
2023-01-29 00:01:15,denims ,lilbrownied,Prayge,prayg
2023-01-29 00:01:27,denims ,ib_biali,nooooooo,nooooooo
2023-01-29 00:01:31,denims ,ihave12cats,NOPERS,noper
2023-01-29 00:01:32,denims ,blkobsidiannn,nooo,nooo
2023-01-29 00:04:55,denims ,saxypandabear,NOOO THATS ME,nooo
2023-01-29 00:05:06,denims ,lilbrownied,NOOO,nooo
2023-01-29 00:05:09,denims ,theseductivebruja,NOOO,nooo
2023-01-29 00:05:14,denims ,obrigaah,NOOO,nooo
2023-01-29 00:06:59,denims ,j_web_,NOOO,nooo
2023-01-29 00:24:30,denims ,tuxinatux,NOOO,nooo
2023-01-29 00:01:40,denims ,thandrea_20,HYPERNODDERS,hypernodd
2023-01-29 00:02:03,denims ,kamptotic,saltines,saltin
2023-01-29 00:02:06,denims ,rock_licker_boi,LOL,lol
2023-01-29 00:02:14,denims ,mr_bjtches,bloritz,bloritz
2023-01-29 00:02:38,denims ,wil_realms,Cabaret?,cabaret?
2023-01-29 00:02:54,denims ,hasan_lurker,POGGIES,poggi
2023-01-29 00:02:59,denims ,bagelsandloadedlox,POGGIES,poggi
2023-01-29 00:03:00,denims ,engrey,POGGIES,poggi
2023-01-29 00:03:02,denims ,d00dlebirb,POGGIES,poggi
2023-01-29 00:03:06,denims ,shifty_cat,POGGIES,poggi
2023-01-29 00:03:09,denims ,vyxzenlyxzen,POGGIES,poggi
2023-01-29 00:03:12,denims ,kxo72,POGGIES,poggi
2023-01-29 00:02:56,denims ,blkobsidiannn,HYPERPOGGER,hyperpogg
2023-01-29 00:03:03,denims ,thehappyparadox,HYPERPOGGER,hyperpogg
2023-01-29 00:03:05,denims ,suburbanerrorist_,HYPERPOGGER,hyperpogg
2023-01-29 00:03:11,denims ,fiiiilth,HYPERPOGGER,hyperpogg
2023-01-29 00:02:59,denims ,seit0,POGGERS,pogger
2023-01-29 00:03:00,denims ,hasanshrtdealer,GIGAAAAA,gigaaaaa
2023-01-29 00:03:05,denims ,obrigaah,POGCRAZY POGCRAZY POGCRAZY POGCRAZY POGCRAZY POGCRAZY POGCRAZY POGCRAZY POGCRAZY POGCRAZY POGCRAZY POGCRAZY POGCRAZY POGCRAZY POGCRAZY,pogcrazi
2023-01-29 00:03:14,denims ,captainkangaroonie,themay26Hype1,themay26hype1
2023-01-29 00:03:17,denims ,anxiousdumpling,dnmDANKIES dnmDANKIES dnmDANKIES,dnmdanki
2023-01-29 00:03:51,denims ,trianglenine,dnmDANKIES,dnmdanki
2023-01-29 00:03:26,denims ,nfgayle,uWu,uwu
2023-01-29 00:03:33,denims ,wil_realms,dnmWiggle dnmWiggle dnmWiggle,dnmwiggl
2023-01-29 00:04:11,denims ,lololightning,dnmWiggle,dnmwiggl
2023-01-29 00:03:42,denims ,obrigaah,PauseChamp,pausechamp
2023-01-29 00:03:47,denims ,therab1d,PauseChamp,pausechamp
2023-01-29 00:03:56,denims ,fiiiilth,PauseChamp,pausechamp
2023-01-29 00:04:40,denims ,obrigaah,PauseChamp,pausechamp
2023-01-29 00:04:44,denims ,nerdwiththebeanie,PauseChamp,pausechamp
2023-01-29 00:09:31,denims ,hasan_lurker,PauseChamp,pausechamp
2023-01-29 00:03:44,denims ,vexingthoughts,riverb8Peepocomfy,riverb8peepocomfi
2023-01-29 00:03:46,denims ,humansupriyo,why not,whi
2023-01-29 00:03:50,denims ,hasan_lurker,mizzPopcorn,mizzpopcorn
2023-01-29 00:03:53,denims ,saxypandabear,DANKIES,danki
2023-01-29 00:04:04,denims ,saxypandabear,hasL,hasl
2023-01-29 00:04:08,denims ,luludefonz,Is it Mizkif??,mizkif??
2023-01-29 00:04:09,denims ,obliviousblackman,Miz?,miz?
2023-01-29 00:04:14,denims ,rei36chambers,miz?,miz?
2023-01-29 00:04:09,denims ,xsunnyd,dnmL,dnml
2023-01-29 00:04:12,denims ,daveyamir,Mizkif,mizkif
2023-01-29 00:04:16,denims ,dragunovdown2,dnmTastge,dnmtastg
2023-01-29 00:04:17,denims ,thandrea_20,Happ,happ
2023-01-29 00:04:27,denims ,loosereign,blockedtt,blockedtt
2023-01-29 00:04:42,denims ,nemonal,ohn,ohn
2023-01-29 00:04:42,denims ,pauliwhirl3,widepeepoSad,widepeeposad
2023-01-29 00:04:43,denims ,d00dlebirb,widepeepoSad,widepeeposad
2023-01-29 00:04:47,denims ,kreoss_v2,widepeepoSad,widepeeposad
2023-01-29 00:04:56,denims ,bagelsandloadedlox,widepeepoSad,widepeeposad
2023-01-29 00:05:00,denims ,fiiiilth,widepeepoSad,widepeeposad
2023-01-29 00:05:02,denims ,rei36chambers,widepeepoSad,widepeeposad
2023-01-29 00:05:08,denims ,nemonal,widepeepoSad,widepeeposad
2023-01-29 00:05:14,denims ,north931,widepeepoSad,widepeeposad
2023-01-29 00:05:29,denims ,k0ll1d3r,widepeepoSad,widepeeposad
2023-01-29 00:04:43,denims ,hasan_lurker,FeelsWeakMan not them,feelsweakman
2023-01-29 00:05:04,denims ,d00dlebirb,FeelsWeakMan,feelsweakman
2023-01-29 00:04:44,denims ,hangry_dangler,PepeHands,pepehand
2023-01-29 00:04:48,denims ,daruvik,PepeHands,pepehand
2023-01-29 00:04:57,denims ,obrigaah,PepeHands,pepehand
2023-01-29 00:05:07,denims ,nerdwiththebeanie,PepeHands,pepehand
2023-01-29 00:05:07,denims ,overshotlyric,PepeHands,pepehand
2023-01-29 00:04:48,denims ,riowolfsquad,I am ready,readi
2023-01-29 00:04:52,denims ,satchmobronson,LOOOOOOL,looooool
2023-01-29 00:04:54,denims ,thetonebox,postingSad,postingsad
2023-01-29 00:04:56,denims ,vyxzenlyxzen,dnmCry,dnmcri
2023-01-29 00:05:02,denims ,theseductivebruja,dnmCry dnmCry dnmCry dnmCry,dnmcri
2023-01-29 00:05:05,denims ,relativistickillthistle,dnmCry,dnmcri
2023-01-29 00:05:07,denims ,anxiousdumpling,dnmCry dnmCry dnmCry,dnmcri
2023-01-29 00:04:59,denims ,xsunnyd,dnmS,dnm
2023-01-29 00:05:00,denims ,iandjcooper,lucidOwO,lucidowo
2023-01-29 00:05:03,denims ,reuubs,AINTNOWAY,aintnoway
2023-01-29 00:20:48,denims ,cymruphoenix,AINTNOWAY,aintnoway
2023-01-29 00:05:06,denims ,fydro56,@dzeikktboD:ss,@dzeikktbod:ss
2023-01-29 00:05:08,denims ,daegon369,BibleThump BibleThump BibleThump,biblethump
2023-01-29 00:05:09,denims ,melyemmm,jessic181Cry,jessic181cri
2023-01-29 00:05:11,denims ,kamptotic,22!!!!,22!!!!
2023-01-29 00:05:14,denims ,warnikorn,Bruh,bruh
2023-01-29 00:05:16,denims ,dragunovdown2,22??????,22??????
2023-01-29 00:05:21,denims ,fydro56,D  *,*
2023-01-29 00:05:31,denims ,pandemicat,Boohooge,boohoog
2023-01-29 00:05:41,denims ,bigmilk13,MACAS,maca
2023-01-29 00:05:50,denims ,jade144,rhyzPOUT,rhyzpout
2023-01-29 00:06:17,denims ,trianglenine,hasSlam,hasslam
2023-01-29 00:15:12,denims ,hasan_lurker,hasSlam,hasslam
2023-01-29 00:15:17,denims ,dieatcola,hasSlam,hasslam
2023-01-29 00:15:18,denims ,dothraki_garbage,hasSlam,hasslam
2023-01-29 00:15:20,denims ,lockmeowt,hasSlam hasSlam hasSlam,hasslam
2023-01-29 00:15:22,denims ,j_web_,hasSlam,hasslam
2023-01-29 00:15:23,denims ,secondnaturehype,hasSlam hasSlam hasSlam,hasslam
2023-01-29 00:15:27,denims ,obrigaah,hasSlam,hasslam
2023-01-29 00:15:28,denims ,postleftism,hasSlam hasSlam,hasslam
2023-01-29 00:15:29,denims ,jaychanlive,hasSlam,hasslam
2023-01-29 00:15:29,denims ,nemonal,hasSlam,hasslam
2023-01-29 00:07:02,denims ,earthtoskelly,AmericaMoment,americamo
2023-01-29 00:07:43,denims ,bagelsandloadedlox,PepeSpit,pepespit
2023-01-29 00:08:02,denims ,luie774,Exactly,exactli
2023-01-29 00:17:56,denims ,ic3_coco,doing what exactly,exactli
2023-01-29 00:08:05,denims ,adigitalbob,1312!!,1312!!
2023-01-29 00:08:42,denims ,k0ll1d3r,Corpa,corpa
2023-01-29 00:08:51,denims ,hasan_lurker,HmmBusiness,hmmbusi
2023-01-29 00:11:13,denims ,hasan_lurker,HmmBusiness,hmmbusi
2023-01-29 00:09:20,denims ,hasanshrtdealer,HypeAwww HypeAwww HypeAwww HypeAwww HypeAwww,hypeawww
2023-01-29 00:10:19,denims ,j_web_,peepoGiggle,peepogiggl
2023-01-29 00:10:48,denims ,moxymooo,hasRaid hasRaid hasRaid,hasraid
2023-01-29 00:20:04,denims ,jackburtonbt,hasRaid hasRaid hasRaid,hasraid
2023-01-29 00:20:09,denims ,moon_shaped_pool,hasRaid hasRaid hasRaid hasRaid hasRaid hasRaid,hasraid
2023-01-29 00:20:33,denims ,vyxzenlyxzen,hasRaid hasRaid hasRaid hasRaid,hasraid
2023-01-29 00:10:58,denims ,theseductivebruja,dnmBuff dnmBuff dnmBuff,dnmbuff
2023-01-29 00:11:52,denims ,lockmeowt,LETHERCOOK,lethercook
2023-01-29 00:11:53,denims ,suburbanerrorist_,PepoG,pepog
2023-01-29 00:12:51,denims ,nerdwiththebeanie,Die.,die.
2023-01-29 00:14:27,denims ,dansoddity,9.15???,9.15???
2023-01-29 00:14:32,denims ,obrigaah,WHAAAT,whaaat
2023-01-29 00:14:36,denims ,j_web_,WHAAAT,whaaat
2023-01-29 00:14:38,denims ,therab1d,WHAAAT,whaaat
2023-01-29 00:14:42,denims ,nemonal,WHAAAT,whaaat
2023-01-29 00:14:43,denims ,nerdwiththebeanie,WHAAAT,whaaat
2023-01-29 00:14:49,denims ,fiiiilth,WHAAAT,whaaat
2023-01-29 00:14:57,denims ,scroogemcwalrus,WHAAAT,whaaat
2023-01-29 00:14:58,denims ,thandrea_20,WHAAAT,whaaat
2023-01-29 00:14:58,denims ,torvikw,WHAAAT,whaaat
2023-01-29 00:14:58,denims ,salemgraves56,WHAAAT,whaaat
2023-01-29 00:15:00,denims ,nintenchrisx2,WHAAAT,whaaat
2023-01-29 00:15:01,denims ,humansupriyo,WHAAAT,whaaat
2023-01-29 00:15:03,denims ,overshotlyric,WHAAAT,whaaat
2023-01-29 00:15:06,denims ,blkobsidiannn,WHAAAT,whaaat
2023-01-29 00:15:06,denims ,ashes0610,WHAAAT,whaaat
2023-01-29 00:15:10,denims ,jaychanlive,WHAAAT,whaaat
2023-01-29 00:15:11,denims ,jeemstate,WHAAAT,whaaat
2023-01-29 00:20:34,denims ,hasan_lurker,WHAAAT,whaaat
2023-01-29 00:20:35,denims ,fiiiilth,WHAAAT,whaaat
2023-01-29 00:20:36,denims ,cymruphoenix,WHAAAT,whaaat
2023-01-29 00:20:37,denims ,therab1d,WHAAAT,whaaat
2023-01-29 00:20:38,denims ,obrigaah,WHAAAT,whaaat
2023-01-29 00:20:39,denims ,xsunnyd,WHAAAT,whaaat
2023-01-29 00:20:40,denims ,nemonal,WHAAAT,whaaat
2023-01-29 00:20:40,denims ,scroogemcwalrus,WHAAAT,whaaat
2023-01-29 00:20:41,denims ,jessi_quinn,WHAAAT,whaaat
2023-01-29 00:20:41,denims ,overshotlyric,WHAAAT,whaaat
2023-01-29 00:20:43,denims ,humansupriyo,WHAAAT,whaaat
2023-01-29 00:20:43,denims ,j_web_,WHAAAT,whaaat
2023-01-29 00:20:44,denims ,north931,WHAAAT,whaaat
2023-01-29 00:20:46,denims ,djr_supreme,WHAAAT,whaaat
2023-01-29 00:20:47,denims ,bagelsandloadedlox,WHAAAT,whaaat
2023-01-29 00:20:50,denims ,blkobsidiannn,WHAAAT,whaaat
2023-01-29 00:20:51,denims ,trinnwreck,WHAAAT,whaaat
2023-01-29 00:20:59,denims ,jeemstate,WHAAAT,whaaat
2023-01-29 00:14:41,denims ,balkig,Impossible.,impossible.
2023-01-29 00:14:50,denims ,j_web_,HUHH,huhh
2023-01-29 00:14:55,denims ,tuxinatux,WHAAT,whaat
2023-01-29 00:15:05,denims ,jeemstate,WHHAT,whhat
2023-01-29 00:16:15,denims ,colonel_bread,ombamna?,ombamna?
2023-01-29 00:16:26,denims ,blkobsidiannn,wowwww,wowwww
2023-01-29 00:16:35,denims ,obrigaah,KKapitalist,kkapitalist
2023-01-29 00:17:07,denims ,humansupriyo,OOOOF,oooof
2023-01-29 00:17:45,denims ,definitelynotdusto,mjinxBuff,mjinxbuff
2023-01-29 00:17:51,denims ,j_web_,DEADASSFR,deadassfr
2023-01-29 00:18:34,denims ,rydahryot,shes ceo,ceo
2023-01-29 00:19:56,denims ,suburbanerrorist_,peepoRiot,peeporiot
2023-01-29 00:20:05,denims ,definitelynotdusto,beer?,beer?
2023-01-29 00:20:09,denims ,dr_tacos138,bazzzzzzzed,bazzzzzzz
2023-01-29 00:20:14,denims ,razatanx7,Yup,yup
2023-01-29 00:20:35,denims ,navak4seven,*yawn*,*yawn*
2023-01-29 00:20:37,denims ,earthtoskelly,no wayyy,wayyy
2023-01-29 00:21:21,denims ,tofugh0st,dnmKKomrade,dnmkkomrad
2023-01-29 00:24:25,denims ,a_friendly_icbm,no it isnt,isnt
2023-01-29 00:24:26,denims ,jeemstate,tofughGLOWERS tofughGLOWERS tofughGLOWERS tofughGLOWERS tofughGLOWERS,tofughglow
2023-01-29 00:24:31,denims ,shifty_cat,peepoBye,peepoby
2023-01-29 00:24:32,denims ,yossaarian,peepoBye,peepoby
2023-01-29 00:24:33,denims ,earthtoskelly,peepoBye,peepoby
2023-01-29 00:24:32,denims ,alliwannasee,yay,yay
