index,0
Pepega,223
Irl,5
stream,30
snipers,3
v,4
tec,1
kicked,2
Pog,49
pepeMeltdown,30
SMOrc,65
FeelsDankMan,40
GOBLIN,1
Alarm,14
turn,46
volume,6
pepeJAM,21
Clap,363
ppOverheat,2
high,8
WICKED,13
SwiftRage,1
THE,149
INSANE,2
SAILOR,2
monkaS,113
dont,72
steer,26
"hard,",22
STEER,23
JUST,37
A,103
LITTLE,22
go,97
left,14
bitch,3
elp,3
He,8
ius,1
turning,5
actually,15
working,4
legs,20
PogU,121
TURNING,1
YOU,53
CAN,10
DO,26
IT,66
GREEK,49
make,12
noise,1
speed,2
boost,1
noper,1
HELP,12
monkaW,487
MAYBE,4
ONLY,2
TURNS,2
ONE,9
WAY,8
BC,2
YOUR,40
ON,22
SIDE?????,1
LULW,510
got,26
greek,116
peepoSad,123
PepoCheer,4
KEEP,1
GOING,6
?,84
Sadge,156
pretending,1
smiling_face_with_horns,1
demon,1
time,25
I,92
love,14
Greek,63
best,6
twitch,6
kapp,1
You,29
could,8
get,81
away,10
wank,2
TURN,13
R),165
hes,14
sending,2
greekSubs,3
"@ROSHTEIN,",1
RRRRRRRRRRR,1
HEEELP,1
PogO,14
literally,5
leaving,4
Greece,18
OMEGALUL,1076
COLLISION,1
COURSE,3
NO,39
ELP,5
NOPERS,4
WTF,35
IS,35
WRONG,1
WITH,4
ok,19
dud,9
Heeelp,1
BabyRage,79
Jump,8
in.,1
crash,4
inc,2
monka,2
DRIVING,2
SMALL,1
VW,1
TAXI,30
BOAT,17
BOOBA,255
?????,9
whole,3
water,55
bottle,9
TWO,2
GIRLS,11
Dont,3
drown,2
Grek,1
xqcDitch,5
wind,48
rosh,1
together,4
girls,35
DansGame,94
STREAM,9
SNIPERS,3
IRL,21
gorilla,2
Lmaoo,3
SPIT,7
GAME,8
greekDitch,2
HAHAHAHAHAHAHAHAHAHHAHAHAHA,1
abord,1
TRUEING,121
GO,31
girls/?,1
Two,1
ez,7
EZ,390
lol,53
two,7
hol,2
threesome,1
Ergh,1
girls?????,1
women,5
forsenCD,6
󠀀,216
boobe,1
They,3
arent,1
much,14
use,9
ugh,1
BOOBA?,1
show,8
muscles,2
DATE,1
MaN,8
GET,27
BACK,18
ABORD,1
THEM,38
Go,11
VeryPog,36
NVM,1
NotLikeThis,25
PepeLaugh,69
FAKE,49
PagMan,92
opposite,1
direction,1
want,10
:,3
"right,",1
right,16
SEX,10
2,21
ft,3
deep,9
LMAOOOOOOOOOO,2
wot,1
Saved,2
Girls,1
:victory_hand:,1
1,16
boat,52
KEKW,50
peepoHey,13
LUL,361
ewwww,1
ask,20
called,2
uber,1
realvrScared,2
DonoWall,11
KKona,8
hi,7
TIME,8
Armbit,1
hahahahah,1
stranded,15
sea,29
peepoGiggles,7
IN,55
TwaT,4
DonoWALL,1
carried,3
woman,3
KEKDriving,15
WutFace,187
@LeeqoX,9
think,17
becuase,2
im,17
audio,6
probs,1
OH,20
GOD,11
LOOOOOOOOOL,2
squadWave,3
porn,1
intro,1
LOOOOOOOOOOOOOOL,2
borrow,1
monkerS,59
LOOOOOOOOOOOOOOOOOOOL,2
IDIOT,2
Drop,1
gam,1
e,4
HES,21
(,3
Kapp,16
),23
POG,5
DONT,23
CARE,1
BRUH,8
LMFAOOOOOOOOOO,1
LOOOOOOOOOOOOOL,4
m8,10
SHARK,47
enigmaButt,1
loooool,1
OCTOPUS,4
@Greekgodx,154
IM,11
DYING,3
Ask,6
ig,5
LOOOOOOOOOOOOOOOOL,1
shark,39
GachiPls,38
FLIP,4
SHARKS,5
MonkaW,3
CROC,1
LOOOOL,6
LOOOl,2
LOST,5
AT,9
SEA.,1
@ROSHTEIN,1
ur,37
rosh!,1
<3,41
whale,5
SHAAAARKS,1
MEGALADON,3
NESSIE,6
Cut,1
black,2
ACTUAL,7
sex,5
great,12
white,5
turtle,10
HAHAHAAHHA,1
MONKA,1
"@olightings,",1
phone,6
FailFish,13
BEHIND,12
WHITE,1
WHISTLE,5
LEGENDARY,3
SCENE,2
XD,4
dude,16
Monka,31
hit,8
paranoia,1
KEKL,2
JUMP,1
fin,5
behind,9
FUCK,17
he's,10
back,59
PogChamp,31
YOOOO,2
LEAN,2
OVER,4
CTHULHU,1
OFF,13
LEGIT,1
SEA,14
MONSTER,1
saw,4
KRAKEN,12
CHTULU,1
MEGALODON,2
tyler1LUL,1
JAWS,2
AHAHAHAHAHAHAHA,2
CHILL,1
actual,1
LMFAOOOOOOO,1
face_with_tears_of_joy,6
NICE,27
SCRIPT,1
ITS,22
JOE,4
bruh,26
hahhahahhah,1
amiloMonka,3
monkaU,12
LE,2
SHARP,1
BULL,1
AND,20
MEGLADON,2
3Kooling,58
FIN,3
@maski,2
around,28
man,54
kraken,6
zoilDespair,1
PADDLING,1
INCIDENT,2
Shark,6
HE,34
DOESNT,7
KNOW,7
ABOUT,3
ATTACKS,2
WAYTOODANK,398
u,78
sucjh,1
pussy,5
LAST,3
FORSEN,15
SEAGUL!,1
whales,1
FISH,2
MAN,17
WATCH,1
OUT,7
DUDE,3
CAPSIZING????,1
SWITCH,2
SEATS,2
WTFF,2
land,6
Sup,1
@greekgodx,41
KILLER,3
WHALE,9
paid,4
actor,1
White,1
HAS,1
ARRIVED,1
snakes,4
TO,65
LEFT,28
stay,5
home,7
PLASTIC,1
motherfucin,1
tyler1XD,1
MONSTERS,1
sinking,16
yet?,1
Missed,2
legendary,1
scene,1
It,6
seal,1
Something,1
snap,1
fight,3
it.,2
DROWNING,2
forsenDespair_BW,1
Don't,2
worry,2
"Greek,",2
Italian,1
coastguard,5
??,13
NaM,1
D:,58
last,6
BURGER,3
PLANET,3
MEG,1
BatChest,45
FAMOUS,1
MEGALUL,68
4,9
MISS,1
Bro,8
youre,12
lucky,2
old,6
greg,3
stupid,1
forsen,10
anger_symbol,1
FOUNDER,1
CHAT,11
:dashing_away:,32
FeelsGoodMan,213
ging,1
board,2
mate,32
xqcL,28
manually,16
Great,3
call,10
OBAMA,1
KACEY,1
TRON,1
THERE,5
PERSON,1
SIDE!!!!,1
"forget...,",1
one,31
meter,1
Kappa,126
ME,25
BREAK,3
"@Kian22,",1
5,11
dollars,1
selfie,3
stick,9
xd,1
USE,7
UR,8
PENIS,2
PEDAL,6
MEGALADONmonkaW,1
coming,11
Kreygasm,139
mermaids,1
3,10
Roidrage,1
juice,5
fix,4
froice,1
live,11
leak,1
greekLOUDER,41
:shark::shark::shark::shark::shark::shark::shark::shark:,1
BATMAN,1
CHEST,1
fuck,31
many,3
things,1
wrong,4
short,1
allotment,1
sharks,10
attracted,1
blood,2
collor,1
yellow,4
D,21
6,3
U,30
7,16
SUBMARINE,1
TableHere,1
dropped,1
camera,12
3Heading,41
Roidattack,1
78,1
gl,1
stuck,5
4325,1
sirens,1
234,1
WELL,1
KNOWN,1
:shark::shark::shark::shark::shark::shark::shark::shark::shark::shark::shark::shark::shark::shark::shark::shark::shark::shark:,1
know,14
miles,7
23,1
ABDULpls,72
ANELE,18
3Head,52
4HEad,23
WIND,23
DIRECTLY,1
INTO,2
MIC,2
forsenReal,4
forsenKnife,2
Grekler,18
COMING,7
greekA,1
ALLAH,7
PepeHands,13
WISTLING,1
PROBBLY,1
ASS,21
CRACK,1
DRIFTING,1
MILES,1
BACKWARDS,3
wind_face,1
allah,4
ANELEL,1
please,21
:kaaba:,1
slikPray,1
still,11
say,15
ononononono,1
OCEAN,11
CREATURE,1
xqcAbdul,21
help,18
genuinely,2
almost,2
side,2
yo,31
moan,2
us,20
BlessUp,3
come,14
egypt,2
SAVE,4
ThankEgg,2
MOM,1
RIGHT,5
gonna,23
burn,1
bad,6
script,2
mine,5
EROBBS,3
HAIRLINE,4
STALLING,2
4WeirdW,74
Mine,1
:),41
guide,1
winds,2
turkey,9
Coast,1
guard,4
soon,3
LEG,15
DAY,12
No,15
Life,1
Jacket?,1
STEERING,5
WHEEL?,1
HELLO,1
kiandoSmile,1
MEEEEEEE,1
:tf:,13
MINE,3
AMMIIIN,1
RELAX,1
TALK,8
NOOB,1
capsize,1
incoming,2
Bella,3
YOU'RS,1
pedal,9
backwards,3
5Head,86
going,29
die,4
therte,1
MaxLOL,6
GONNA,9
CRY,1
find,6
content,19
king,3
Just,12
n,4
lmaoooo,3
lost,12
give,12
DEPRESSED,5
said,12
military,1
base,2
YEP,24
MOTHER,3
relax,2
inbound,1
accepted,1
quest,1
y-day,1
drive,5
STRANDED,8
VIp,1
whoever's,1
idea,3
90,1
days,9
EVEN,4
ABLE,1
READ,1
RN,4
yes,41
oh,29
shit,27
Take,3
nap,1
TOUGH,1
PADDLING?,1
YES,18
OMGGG,1
sinking????,1
LEAKAGE,1
MAKE,7
360,3
LEGT,1
BR,1
tanned,1
Piranha,1
waves,2
ALLUAH,1
sinkin,1
Stranded.,1
missing,2
engine,3
Scared?,1
god's,1
plan,1
:backhand_index_pointing_right:,8
keep,15
moving,6
hitting,1
bottom,3
lmaooooW,1
HERE,3
Pray,1
Habibi,1
news,2
tomorrow,8
ocean,8
gShrug,1
Is,11
Cast,1
Away,1
remake?,1
ATTACK,1
SINK,3
speaker,1
loud,1
gweek,12
drifting,1
seea,1
never,8
seen,4
PeepoComfy,3
sailboat,1
foot,7
heard,2
yeah,19
shark...you're,1
fucked,3
TriKool,99
Prisoned,6
tried,7
escape,7
overseas,6
persians?,1
modCheck,29
Hope,1
good,54
swimmer,1
swim,6
Greeek,1
Orca,1
BBEHIND,1
AL-,1
ILAH,1
TriBoom,48
yout,2
dumbass,6
CAST,1
AWAY,9
lmao,19
pace22Sharkhead,6
pace22Sharkbody,6
pace22Sharktail,6
yup,5
thieves,3
physics,1
knowledge,1
BRO,17
ah,8
!,12
xD,7
4Head,59
Its,4
cracking!,1
cast,1
LIVESTREAMING,1
DEATH,11
mans,4
floating,1
uk,4
"greek,",1
it’s,2
nice,60
see,21
GENIUS,1
ggxHard,7
???,17
2.0,1
beta,1
:D,2
SHIT,8
SHERLOCK,1
FINALLY,6
ahhhh,1
light_bulb,1
Left,1
HOLY,17
REFT,1
Dummy,1
WOOOOOOOOOOOOW,1
MonkaS,2
KKonaW,18
greekPega,5
follow,1
azan',1
THATS,7
MATE,8
POGGERS,14
OOOOOOOOOOOH,1
FLOATING,1
UK,13
SPOTTED,1
WideHardo,24
*than,1
ears,5
LMAO,33
bussin,1
:light_bulb:,1
dude...,1
less,1
MOOF,3
Lol,2
dashing_away,14
louder,5
gachiAPPROVE,174
MY,21
EARSSSS,1
TOO,11
SMART,2
DONUT,1
kylie,1
jenner,1
lips,7
EARS,2
FUCKING,12
HURT,2
AUDIO,3
CASTAWAYYYY,1
quality,2
well,4
planned,1
redsDank,1
WOW,2
monkaBass,1
Sea,3
LARP,1
monkaBASS,1
gachiHYPER,23
turned,1
DBstyle,1
COCKA,8
HELL,2
NAW,2
gachiBASS,45
cock,19
cam,7
200,2
IQ,1
PLAY,16
NOW,17
CANAPY,1
AS,4
SAIL,3
woah,2
PEEPEE,1
HAIR,5
ew,5
crotch,3
KomodoHype,1
DANG,1
BALLS,9
VIEW,1
EYGG,1
STILL,1
RELEVANT,1
emoneyLamonting,11
@maski380,15
ANGLE,12
WTFFF,1
CANOPY,2
COCK,27
ass,20
AHHAHAHAHAHAHA,1
cocka,1
can't,4
left.,1
smart,3
lad,1
young,1
age,1
thats,23
angle,10
okay,10
LMAOO,6
BANNED,3
CAM,3
BillyApprove,22
HandsUp,15
in….,3
Lamonting,3
mr,3
stremer,1
Einstein,1
boys,5
BETTER,7
NUT,1
wtf,33
kreygasm,1
men,3
What,15
view?!?,1
bj,1
pov,4
Eww,1
balls,12
PP,1
ayooooo,1
bruh....,1
TTours,7
jesus,11
christ,3
looking,16
Autism,1
CAWK,1
KappaPride,33
Nice,8
nut,3
sack,2
fall,11
omg,12
LOL,34
l0l0l0o0l,1
golly,3
dad,3
walked,1
Bulgee,1
package,1
Shrek?,1
WHAT,19
DOING,3
US,5
We,2
BibleThump,19
LMAOOO,6
greekChad,6
calf,1
peepoPog,2
sees,1
LOOOOOOOOOOL,3
NEW,13
META,1
tf,12
CLASSIC,11
yepcock,1
show's,1
starting,2
hahahahahahah,2
SHEEESH,1
penis,2
@loltyler1,1
BigBrother,5
LOOLOLOL,1
wanna,9
270,1
xqcHead,3
balls…,1
LOPOOLOL,1
fucking,18
scuffed,4
ARE,14
HOMO?,1
plum,1
shot,2
greekW,33
greekL,21
The,13
INSPECTION,3
you.,2
trying,3
fat,8
what's,1
lordy,1
Lord,1
busted,1
HAHAHAHAHAHAHAH,2
stop,36
kicking,3
Hole,1
AHAHAHAA,1
stepping,1
us?,1
POV,2
upskirt,1
face,6
LMAOOOOO,5
STEP,1
BULGE,1
HAHAHAHAHHAHAHAHAAHAHHAAH,1
kekw,2
peepoWTF,4
Oof,1
Cocka,1
BLACK,3
HAMMER,3
6346346,1
slipped,1
peepoKEKWLeave,3
step,3
FOR,16
YOUCHEWBE,1
cock?,1
UPSKIRT,1
brooo,2
crying,3
HAHAHAHAHHA,1
LMAOOOO,8
HAHAAHAHA,1
shameless,6
view,3
lmfao,2
LMAOOOOOOOOOOOOOOOOOOOOO,1
Soying,1
noo,2
EleGiggle,5
AHAHAH,1
W,11
DUMBASS,2
CROCS,10
LOLOLOLOLOLOL,1
WR,2
Thisa,1
awkward,1
OME,1
SOY,5
LMFAO,13
broken,1
ancle,1
Hahahahhahaa,1
omegaLUL,1
FACE,1
brother,6
S,42
Y,40
DUMB,1
Nyoo,1
?????????,1
krey,1
pepega,5
wtfff,1
OMG,11
i'm,5
howlin,1
bro,41
soy,10
!uptims,1
CAN'T,4
ANYMORE,3
dramatic,1
ankle,1
breaker,1
Autism?,1
R,2
WORD,1
has0head,2
GODX,2
AH,3
mentally,1
handicaped,1
sticks,2
pepeja,2
dead,2
little,8
NERD,1
XAXAXAXAXAXAAXA,1
Ur,1
idiot,5
smallest,1
bruse,1
@kissalanpojat,1
weight,3
"side,",1
lifting,3
rudder,2
water.,3
Keep,2
"straight,",1
boats,4
noooo,1
gweeek,3
DEAD,3
NOOOOOOO,1
cucked,1
died,4
cringe,9
Quit,1
faking,1
ded,3
LuL,17
gachiGASM,20
Wtf,3
LOLLLLLLLLLLL,1
Died,1
widepeepoSad,3
Death,2
aahh,1
thi.,1
is.,1
so.,1
sad,1
What’s,1
greekP,9
FeelsStrongMan,21
DIED,3
PADDLE,2
HANDS,1
ANY,1
BUSTERS?,1
haha,7
1HP,1
SHOULD,3
GIVE,8
BOO,2
looks,14
sez,2
GreekCreep,10
gamer,2
wild,2
.,34
sadgeiRobert,2
FeelsBadMan,32
Why,8
inside?!,1
greekWeird,4
VaN,8
!uptime,3
PULL,1
YOURSELF,2
TOGETHER,1
"@mtoreno_,",1
greekgodx,7
streaming,5
40,2
mins,3
44,1
secs,2
YOUUUUUU,1
Claphas0head,1
WeirdChamp,68
happens,4
crocks,2
worn,1
hp,1
me?,2
hahahaha,4
@MarcFryd,1
darybDamonting,1
SCREAM,1
FU,1
Sound,1
carries,1
Lmaooooooooooooooooooooo,1
0Head,1
Me,1
STUCK,3
MIDDLE,2
OF,27
AUTISM,6
asmonSmash,3
purely,1
scream,2
anything,3
would,11
hear,16
"@singhwithme,",1
DUBE,1
question,1
UhmNever,1
zoilBritish,1
dirty,1
Does,3
sound,7
travels,1
across,1
water......,1
RAFT,1
wow,3
chemtrails,1
Im,4
Dude,2
need,17
Brain,1
Doctor,1
put,19
*is,1
dumbass*,1
GREKLER,1
FOREVER,1
ALONE.FOREVER,1
ALONE.,1
SPORT,1
MODE,1
thatrs,1
sperrys,1
leg,27
day,32
today,8
WHY,6
WEAR,1
WAS,12
THAT,18
uCareful,1
"rip[tides,",1
bro.,1
might,2
end,6
shore,6
people,17
watch,7
decided,1
buy,15
crocs,6
DEMON,1
ENERGY,1
ACTIVATED,1
SLIPPERS,1
>,5
crazy,4
eyes,4
LOUDER,19
zoilSmile,1
DIRTY,2
throwing,1
rn,5
frickin,1
ugly,1
hell,3
NOOOOOOOOOOOOOOOOO,1
BroBalt,1
STOP,20
BOY,3
eyes....,1
BELLA,2
WET,2
camel,2
toe,2
TriHard,112
hammer,3
SeemsGood,10
BLACKHAMMER,1
WideHard,9
sadgeiLamonting,10
Golly,1
Squid1,5
Squid2,4
Squid3,4
Squid4,4
CHICKEN,3
LEGS,17
Black,1
btw,10
goddamn,1
MASSIVE,3
skipped,2
@Ahmet_charts,1
THIS,12
MASSSIVEEE,1
lamo,1
chicken,5
HAHAHHAHAHAH,1
FBCatch,1
feet,4
Frog,1
PauseChamp,57
WineTime,4
thier,1
ya,7
dick,20
berriyaClap,1
hadnt,1
PLEASE,8
workout,5
mama,1
mia,1
CoolStoryBob,1
awww,1
look,17
wittle,1
paddle,6
HAHAHAHAHAHAHAHAAHAHAHAH,1
Crash,1
INC,1
TURKEY,9
WE,12
COME,6
kingee3W,1
TeaTime,9
FBBlock,3
COGGERS,4
Chicken,1
Legs,1
hot,13
guy,25
tourist,1
andy,4
emoneyLW,2
first,3
Greeking,8
Grank,7
Water,1
WHERE,7
legs...,1
thoomin,1
ggx,8
otw,2
steal,4
girl,17
IXAT,11
500,6
per,1
hour,2
sure,8
year,2
BEST,2
GREECE,7
"@DeeTenD10,",1
yea,1
reading,1
chat,31
squadCL,1
CIRCLES,1
LEAVING,1
ixat,2
WAYTTODANK,1
pedalling,1
SERVICE,1
Sexy,2
papa,2
OMGEALUL,1
fake,28
taxi,28
"Ixat,",1
island,3
chat?,1
Fake,20
Taxi,10
sport,1
mode,4
He‘s,1
100%,4
INVADE,6
forever,1
windy,4
pedalow,1
pepeD,8
greece,14
Yoink,1
sweaty,1
jungle,1
N,17
Use,1
steerin,1
wheel?,1
worst,3
captain,6
pfffffffffffwwwwwooooooo,1
pick,5
sweden?,1
Live,2
footage,1
immigrants,1
invading,1
SHARK!,1
UBERRRRRRR,1
SIGMA,3
LEAVE,3
"TURKEY,",1
xqcFast,1
slow,1
OkayChamp,5
wegs,1
hands,1
Actually,1
circles,3
wonder,10
can’t,2
pigeon,2
FishMoley,8
friends?,1
supposed,3
far,15
running,3
deff,1
UBER,1
Roof,1
alexandrosgr_,1
TÜRKIYEYE,1
GEL,1
funny,7
at?,1
cant,15
Scuffed,1
IAXT,1
backflip,1
Do,12
even,13
UP,15
PHONE,7
VOLUME,4
emoneyFlex,1
FeelsOkayMan,10
Amne,1
sikik,1
turkish,3
bruv,8
pleade,1
drop,6
mate..,4
Gweek,2
Egypt,2
tay,3
alexander,2
gay?,1
Periodt,1
COLOMBUS,1
RP,6
nozavCope,1
Oh,2
SPEED,2
fish,4
bird,1
peepoFlute,7
adventrue,1
viking,1
macedonian,1
moof,3
confirmed,1
boating,1
states,1
RAAAAAOOOUULLL,1
duDudu,17
Alexander,2
gay,3
holy,8
drugaddict,1
peepoKEKW,13
Tay-k,1
u?,1
lever,7
slightly,7
ice,11
poseidon,2
killing,2
:taxi:,1
"quickly,",1
coast,6
guards,1
schoot,1
POSEIDON,2
"wind,",1
floor,1
"swim,",1
Malta,2
Rosh?,1
POWER,1
MOMENTUM,1
emoneyGoomba,1
SAMSUN,2
:red_heart::red_heart::red_heart:,1
:oncoming_taxi:,2
climb,2
Mount,1
Everest,1
power,1
:face_with_tears_of_joy:,9
h,2
l,1
PLANE,1
ENGINE,2
NEXT,1
YOU?,1
hella,3
HELLA,1
PepegaClap,1
SOS,2
BIT,2
WINDY,1
Turkey,5
territory,3
waves?,1
WAVES,1
HSWP,3
LMAOOOOOO,2
current,3
rip,1
reveal,1
AlienPls,2
peepoWave,1
Help,1
VoHiYo,7
currents,1
BROA,1
taking,1
inverted,5
steering,3
ape,4
COAST,3
GUARDS,3
whyy,1
Pepepains,2
careful,9
OTW,1
ROSH?,1
TaxiBro,1
Don‘t,1
hard,10
stearing,1
BECAUSE,5
controls,1
FamilyMan,1
REVERSE,6
xqcCursed,4
using,2
peepoSadHug,2
//,1
trollface,1
Your,3
taxi?,3
greekLips,4
SO,16
HARD!,1
turns,1
better,13
bit!!!!!!!!!!!!!,1
hahahahahahahhahahaha,1
HAHAHAHHAAAHHA,1
snakes?,1
store,1
controlling,1
CiGrip,23
nymnSoyBoy,1
snake,4
LOOOOOOOOOOOL,3
Jebaited,24
IZMIR,3
SEAWEED,7
SNAKES,2
AHAHAHAHA,1
How,10
steer?,1
weed,4
weed?,2
@beeristhedevil,1
emote,1
?????\,1
nymnSoy,4
HAHAHAHA,4
xqcI,1
FBPass,3
SCARED,2
taehaBless,1
esfandPains,1
smoke,7
razer,1
shark?,1
AAAHH,1
GRASS,1
"BRO,",3
HI,3
FROM,6
:red_heart:,1
Scared,1
SMOKE,2
seaweed,3
Smoke,1
CBD,1
COPIUM,27
eat,9
alge,1
oeddle,1
hiding,1
place,3
everywhere,2
gronk,5
C,10
WEED,1
dangerous,1
super,3
scary,2
doesnt,3
like,47
VID,1
ts,1
gon,1
next,6
12,1
considered,1
./,1
manly,1
squeel!!!,1
scared,6
grass,5
Yes,5
anxiety,4
issues?,1
low,5
key,5
START,1
FISHIN,1
CUUUUHZ,1
TELL,2
TRAIN,3
try,9
TRY,2
long,6
tan,2
handsome,3
SHT,1
roll,3
cyrCloud,1
sadgeiHalt,1
gym,6
Lets,1
that’,1
Let’s,3
invade,1
missed,5
YO,5
inside,3
cvid,1
TRUE,35
doe,1
chew,1
Alge,1
420?,1
hey,8
question?,1
Acting,2
gear,1
kacey420,1
Theres,1
peepoJAM,43
blow,2
whistle,1
Well,1
Atleast,1
didn’t,1
YUP,1
Def,1
peepoHappy,16
discover,1
new,5
"something,",1
owuld,1
tight,1
yeah....content,1
Please,2
MingLee,4
death,3
rkrisKrisW,5
FAAAAAAAAAAAAAAAKE,2
scripted,2
4Weird,81
ZOIL,1
CGI,4
greekDitching,2
BIRDS,1
funeral,1
rent,3
REAL,7
Copegodx,13
FFAAKKEE,2
KONAW,1
popular?,1
To,1
fair,1
pretty,3
person,1
lulw,3
@Calciozy,1
FAKING,3
--,1
green,4
screen,4
"boats,",1
HIS,49
DITCH,5
VeryNice,3
Scripted,1
Paid,2
Actor,2
final,1
ditch,2
whistleing,1
AMONGUS,1
FAKED,1
SISSY,1
el,1
classico,1
HAHAHAHAHHAHAHAHAHAHAHAHAAHAHAA,1
LULw,1
HILLARIOUS,1
banned,2
pepehands,2
FINAL,1
ow,2
Leg,2
"GREEK,",1
HahaPoint,1
sweden,1
nyooo,5
INJURY,4
HAVE,7
INSPIRATIONAL,4
calm,2
Poarch,1
boat??,1
noone,1
ever,7
@mattiesins,1
stupidity,1
Omg,2
"IT,",1
BE,6
ALPHA,2
OOOWWWIIEEE,1
nyoooo,1
owie,2
SOCCER,1
ACTING,2
speedboat,1
whistling,1
see’s,1
Behind,1
shake,1
Soy,3
GREEN,1
SCREEN,1
hahahhaha,1
fkin,1
weirdo,2
OUCHIE,1
emoneyCry,6
OUCH,1
Show,1
horizon,1
LETS,5
GOOOOOOOOOOOOOOOOOOOOOOOOOOOO,1
BEhind,1
MENTALLY,1
ILL,1
owwww,1
NEYMAR,1
Suck,6
AAAAAAW,1
This,9
ends,2
peeposad,1
avikoTHICC,2
pls,8
rate,2
sisters,2
movie,2
"""lost",1
"lake""",1
legend,2
says,2
wanders,1
lake,2
SCRIPTED,2
Scrrippted,1
Natural,1
selection,1
greekYikes,3
Hahahahaha,1
change,2
title,8
clickbait,1
dafuq,2
watching,5
KekW,1
:face_with_tears_of_joy::face_with_tears_of_joy:,2
waah,2
mewesRip,1
stfu,8
22,1
zombie,1
@samsonofspite,1
10,2
years,4
streamer,4
welcome,5
67,1
swim?,1
MORPHING,1
whats,5
boat?,2
wut,1
turnee,1
CANT,8
SEE,6
SHORE,2
@Aviko,1
solid,2
8/9,1
Check,6
Official,6
GreekGodx,6
subreddit,6
reddit.com/r/Greekgodx,6
greekSad,2
???!,1
decomposition,1
bog,1
@RhysCDF,1
Better,2
Texas,1
Internet,1
internet,1
germany,1
"\BRO,",1
AlienPls3,8
sogMoist,1
@mindshape,2
????????,1
pokeOkay,3
rest,1
comeback,1
later,3
remember,4
sailor,1
SINKING,17
Gwoinky,1
Boinky,1
Woinky,1
tide,2
GG,2
CAP,2
connection,1
onland,1
SingsMic,1
@themightiest,1
I'm,4
kidding,1
car,5
Africa,2
Jammies,32
JINKIES,1
@SouixLive,1
du,1
sagst,1
es,1
Bruder,1
LWTS,1
GOOO,1
W.,1
wait,7
L,7
EL,1
Follow,6
Twitter,8
Main:,5
twitter.com/greekgodx,6
Stream,6
Updates:,5
twitter.com/ggxupdates,6
AHHHHHHHHHHHHHHHHHHHHHHHHHHHHHHHH',1
noticing,1
middle,5
aged,1
oceean,1
ahhhhh,1
mean,2
Holy,1
greekWC,2
DESTROY,1
THEIR,15
AHHHHHHHHHHHHHHHHHHHHH,1
bump,1
sounds,4
guns,2
bruhh,1
REVENGE,1
ARC,1
AHHHHHHHHHHHHHHI,1
greekWalking2,12
weird,8
erection?,1
asmr,2
PFIZER,1
VACCINE,1
JOB,1
tornado,2
greekLUL,3
sexy,4
chick,1
pepeBASS,33
MODS,19
:microphone:,1
ALIENS,1
sppech,1
FIC,2
SOUNDDDDDDDDDDDDD,2
PFPPFFPFPFPFFPFPFPFPFPFPFFPF,1
@Pogchampagner,1
SOUNDDDDDDDDDDDDDFIC,1
HAHAHASHAHAHHAHAHAHAHAHHAHAHAHAHAHAHAHA,1
TSUNAMI,2
PepegaDriving,1
lovely,1
"yes,",2
:tornado:,3
asmonWOW,1
OR,2
WHYAT,1
muff,2
30.......,1
PagChomp,26
WWWIIIINNNNDDDDD,1
windy],1
music,8
redbull,1
earlier,2
FeelsAmazingMan,1
WAYTODANK,3
Wind,4
hecking,1
tyler,1
one?,1
tarp,1
blowing,1
sub,11
Greek's,6
youtube,6
channel,6
https//youtube.com/Greekgodx,3
LOAD,1
CLEAR,1
hasPause,1
luck,3
BAD,6
SWIM,4
goe,1
hoeemee,1
firing,1
speech,2
LOLLL,1
sADGE,1
lool,1
FUNgineer,2
annytfD,1
albania,2
Id,2
kick,1
DEEP,3
SIGN,6
dock?,1
putting,2
ti,1
rice?,1
waaah,1
baby,4
juicer,2
rise,3
IDEA,1
fun,12
wat,3
Gronk,1
jump,6
morning,1
WITHOUT,1
deth,1
SWIMMIN,1
THEN,1
BOI,1
jonzheKEK,4
bro?,4
enjoy,2
experience,1
sit,3
shite,1
blast,1
quads,1
FortHype,1
pepeW,18
WILL,6
YESSS,1
take,16
clothes,1
sign,4
forsenKek,1
omeg,1
MUSIC,4
ratJAM,6
SURVIVAL,1
WARM,1
@ctyjr,1
jonzheSOCIETY,8
jonzheLASER,6
Wreeeek,1
pee,5
sigh,1
kidney,2
xqcWut,1
hijack,3
paranoid,1
peter,1
4Champ,3
Kraken,3
comming,2
underneath,1
gwonk,1
forsenRP,11
steam,1
profile,1
-1,23
docLeave,26
Stop,3
acting,2
forsenJoy,5
NODDERS,37
peepoLeave,1
favor,1
prayer,1
blessings,1
Sign,1
aaassssss,1
suck,23
hippocampus,1
rp,6
+1,9
@ninou2,2
amiloDog,2
abdulP,1
abdulRP,1
sniper,1
juicers,2
rock,2
greekPains,1
pokeWhat,4
walk,6
safe,3
-,2
STREAMER,1
way?,1
ACTION,1
cums,1
sorry,2
sir,3
pokeG,1
SPEAKERS,1
DOWN,5
furry,2
roleplay,1
Fuck,3
Anele,1
Gweeek,1
LuvSign,1
LEE,1
COCKS,1
LEAK,2
peepoRant,4
nymnCorn,1
leek,1
????,9
anele,1
Atlantis,1
black_flagskull_and_crossbones,1
sun,5
cream,4
real,15
pirate,14
Pogchampagner,1
lets,4
goo,2
squadNodders,5
pcpCatdance,2
6:,1
R-),1
yarrr,2
Hahah,1
littyy,1
catJAM,7
charge,2
left..,1
leave,14
none,1
able,4
ca,1
need.,1
t2tKevjam,1
KKomrade,6
magent5Soul,1
robravenJackScream,3
arrr,1
LOVE,2
N8,1
Jaws,5
theme,2
LeeqoX,4
xqcSword,25
AngelThump,1
looool,2
Captain,5
Jack,1
sadgeiPog,1
E),1
P),4
ARRR..,1
R:),1
DonsGame,2
R:,1
"god,",1
greatest,1
ive,3
RRRR,1
p),1
forsenPls,7
JACK,3
SPARROW,3
isnt,3
NFL,1
Sunday,1
AYAYA,4
black_flag,1
Arrrrr,1
ARRRGH,2
grekler,3
pistoletov,2
Comrad,1
CAPTAIN,10
ARRRR,1
MATEY,2
"@KingEelBee,",1
EPIC,1
FAIL,1
SHEEEEEESH,1
lebronJAM,57
wawaMomo,1
MercyWing1,3
MercyWing2,3
HeyYou,8
RETAKE,1
CONSTANTINOPE,1
THESE,1
FILTHY,1
TURKS,1
GWEK,1
YERRR,1
kingee3E,1
amazing,3
Aaye,1
YUUUUURRRRRRRRRRR,1
yeer,1
trains,3
skull,1
bomb,1
grease,1
GOOOOOO,1
yacht,2
Grinder,1
Doesn't,1
straight?,1
pirates,3
islands,1
THIEVES,3
UPDATE,2
robravenConfusedJack,1
RARE,2
SPAM,2
flip,2
bulgaria,1
yaeeer,1
Whale,1
jack,1
swallows,1
forsenH,1
Paiid,1
Actingggg,1
ARRRRRRRRRRRRRR,2
:black_flag::skull_and_crossbones:,1
atpRtsd,1
peepoGreek,3
dammmmmn,1
BOOTY?,1
DESERVED,4
cramp,2
payoS,1
PIRATE,4
recycling_symbol,1
AHAHHAAA,1
SirSword,1
TIS,1
GRECKES,1
uhausdhaudhasd,1
tha,3
booty,3
@palenkoe_man,2
LuvHearts,2
tire,2
PUSSY,8
sogNut,1
dogshit,1
sparrow,1
today??,1
!!!,4
mega,2
20euro,1
crocs!!!,1
now!!!,2
"@ninou2,",2
nmpL,1
CR,1
CS,1
true,17
areee,2
thoooosseeeeee,2
VisLaud,2
barefoot,1
raping,1
"ears,",1
felt,1
way,20
xqcSkull,1
!followage,2
"@K_i_T_Z_,",1
k_i_t_z_,1
following,3
months,5
29,1
TRACTION,1
CONTROL,1
DICK,14
EEZ,1
Croc,1
Sparrow,1
they're,6
keeping,2
distance,1
rescue,11
gotta,3
boat!,1
coock,1
HE'S,5
Tire??,1
LOOT,1
CLAP,5
em,8
BUMP,1
YOURE,3
PIRATES,8
r,5
laughing,3
BOARD,10
They're,1
yaheeeeear,1
THEY,9
WANT,5
SOME,4
ktkEZ,1
Chase,1
Down,1
girls.,1
And,2
:smirking_face:,1
COOL,2
sports,1
TAKE,9
hoy,1
GIRL,9
KingEelBee,1
talk,10
Pirates,1
eye,1
SNIPER,1
WATIDO,1
attracts,1
:raised_fist:,1
let,11
starboard,1
bow,1
yar,2
ssnake,1
Dcoytv,1
knutLarm,17
conzFIRE,14
knutRarm,17
switch,1
BOOTY,2
CRASH,5
yugwhaYugFlower,1
SHIP,4
ARGHHHH,1
spit,1
game,3
taunting,1
THIRD,1
typical,6
erobb,1
emoney7,3
WHAT?????,1
Steal,1
treasure,1
So,6
Boaaaard,1
OuttaPocket,2
SQUADING,1
LIL,2
:gorilla:,1
Plunder,1
booties,1
drink,24
piss,6
TYPICAL,3
spittt,2
someee,1
ram,4
shameless...,1
AY,1
PowerUpL,6
losMinionspaz,1
PowerUpR,8
SHALL,1
RISE,1
CriHard,1
TIPYCAL,1
wave,1
shirt,2
invite,3
"them,",1
stronger,1
Can’t,2
TRUUUUUE,1
LOOOL,4
1L,1
care,1
bout,2
LITERALLY,1
"typical,",2
squadW,9
WHO,2
NEEDS,2
EM,5
NEED,1
CHANGE,1
CREW,1
TURKISTAN,2
TRUEEEEE,1
WAVE,1
BAYZED,1
commandeer,1
it!!,1
*Greek,1
due,1
bike*,1
omegalul,1
"ship,",1
you’re,1
DESERT,5
Vultures,1
nmpSus,1
desert,6
ROLES,1
HotPokket,5
sight,1
lu,1
lw,1
antidessert,1
cheer,1
train,4
..,2
getting,7
ripped,1
finally,3
clubPls,5
:(,6
incel,4
thoughts,1
FeelsWeirdMan,13
MEN,2
2021,3
Turkish,2
costline,1
forces,1
SHAMELESS,4
preach,1
join,4
discord,2
HEY,2
Awww,1
probly,1
"like,",1
helping,1
watery,1
INVASION,1
WHYYYYYYYYYYYYYYYYYY,1
Swim,1
hop,1
aboard,1
ship,2
Destroy,1
werid,1
on?,1
chill..,1
DRINK,8
ZEUS,4
god,6
asdhuashdudashdas,1
I'd,2
WATER,18
DRINKABLE,1
PISS,4
seawater,2
caring,2
ZEEEUUUS,1
losing,3
mind,1
amazin,1
Giday,1
Mexican,1
eshay,1
thought,4
gave,2
free,6
forsenExplainingHow,1
mitch,4
jones,3
didnt,5
bring,4
LOSING,1
Madge,2
lest,1
stream?,4
BALLSACK,1
sadgeiTF,1
ACTINUP,3
Wata,1
Shrekler,3
WHHHYYY,1
skip,4
I’m,6
md7Hydrate,3
not?,3
“Water,1
drink”,1
that’s,3
favorite,1
Quote,1
:O,2
purafier,2
"@zaffbrannigan,",1
50,4
18,1
Greek..,4
run,18
enough,3
emergency,1
call..,1
@leeqox,2
KappaEvil,1
DIESEL,1
salt,3
water?,2
situation,2
....,2
NOOO,2
PauseShake,1
DILDO,1
IDEA?,1
straw,5
NOT,10
pag,1
beer?!,1
modcheck,1
NOOOO,1
timing,2
STFU,2
HAAHHAHA,1
Gweeky!!,1
Yay,1
life,11
aLMFAOP00PPPPPPPPPPPJAJHAHAHAHAHAHAH,1
uhhhshutthefuckupforamomentplssssss,1
PROPELLOR,1
???!!!,1
DarkMode,2
forgot,1
.......,2
oh?,1
......,1
pissed,3
"@fabrezas,",1
LIFESTRAW,1
BAN,2
FUN,8
joint?,1
hbhukugvgygjv,1
gyc,1
hg,1
berriyaYeah,4
it?,2
flare,1
gun?,1
yellow_square,1
peepoStop,1
Ok,1
ALLOWED,3
empty,1
detected,1
"@yobioz,",1
haHAA,12
OK,7
Greece...,1
damn,5
joke,3
Konstantinopel,1
kit,1
survival,1
Mods,1
greekWalking1,10
Colossus,2
approaching,3
CONSTATINOPLE,1
ISTAMBULE,1
wtff,2
peepoTub,1
WTFFFF,1
WaitWhat,1
P,1
saved?,1
Stick,2
footy,1
Anal,1
shove,1
pleasure,1
pump,16
wheels,1
offshore,2
serious,2
problems.,1
canoe,1
bay,1
limits,1
smoke?,1
ahhaahahhaha,1
NHABAHHAHAHAHAHAHAHAHAHAHHAHAHAHAHA,1
"water,",1
filters,1
kingee3EZ,1
FootBall,1
ok???????,1
greekJ,2
PUMP,5
STICK,4
massive,4
farts,2
LMFAOOOOOOOOOOOOOOOOO,1
Pepejaa,1
faster,2
bum,1
USEFULL,1
inflate,1
asshole,1
booba,11
PUMPING,1
JUICE,6
HASHBAHAHAHHAHAHAHHAHAHAHAHAH,1
Clap2,1
okkkkkkk,1
buddddyyyyyy,1
His,1
giving,1
blowjob`????,1
ANAL,1
SALT,1
oxygen,1
small,1
air,3
sail,2
???????,1
pumps,2
STROKE,2
macinSour,1
insert,1
anus,1
peehole,1
Hi,4
amiloL,1
In,2
butt,3
Good,3
anal,1
hurt,6
peepoFat,4
GreekGaming,1
ramming,2
moon,1
SHOW,4
HOW,2
alpha,3
OMGALUL,1
newton??,1
docSpin,5
Pump,1
cartoon,1
character,2
DONUTS,3
GREK,2
MAD,2
Magyver,1
pausechamp,1
push,1
it!!!,1
Cock,1
ohno,1
donuts,4
SAY,6
Board,2
RAM,3
Hahahaha,1
boolies,1
NomNom,1
CEO,1
Next,1
bear,2
grylls,1
LFGGGG,1
pokeFAT,1
aye!,1
probably,5
stab,1
MALE,1
KAREN,1
gamee,1
letss,1
newton??v,1
clap,4
cheeks,1
yay,1
UH,3
letsgo,1
YOINK,4
Penis,1
For,2
pin,1
wont,2
DAD!!!,1
SINKIGN,1
won’t,1
leaking,1
@SuperSharc,2
43,1
smh,1
LEAKIN,1
STOPPP,1
Put,1
urethra,1
vest???,1
Monkas,1
abandon,3
ship!,2
tatPirate,1
normal,6
tow,4
leaked,2
fine,13
4WeirdJam,8
queue,1
UHHH,1
KaWutGuys,2
hello,6
hurry,1
sumPirate,1
JAWS+,1
@Howardevil,1
EZWink,14
DETH,8
DROWN,2
macinK,1
HAND,1
sink,1
violin,1
ir,1
what?,3
1M,2
OMEGALUK,1
MERMAIDS?,2
Chat,2
hold,3
hand,7
Sinking.,1
thefoo,1
color,1
CALM,2
?GIRLS,1
child,2
grab,2
barehands,1
Were,1
zinking,1
Normally,1
duuu,1
na,4
trippin,1
Like,3
GrowUp,2
grow,6
ABANDON,1
SHIP!!,1
SWIMMING,1
BOYS,1
BAITING,1
DIE,3
SHARRKK,1
limit,1
plug,1
Cx,48
It's,2
shallow,1
*jaws,1
starts*,1
fok,2
wuz,1
NESSY,2
unleash,1
KRAKEN!,1
pog,7
PORN,1
ACTOR,1
+,4
blipoHype,1
yoooo,1
rub,1
thesharpie,1
dlck,1
:leaf_fluttering_in_wind:,2
haws,1
production,1
Going,2
conquer,1
Troy,1
Kanye,1
mods,2
knowing,1
Shark!,2
PicoMause,1
VoteNay,3
LEAF,1
ZU,1
LII,1
Watch,2
out!,1
DN,1
@Lordisaac_,1
WHO?,1
:megaphone:,2
It’s,3
metre,1
/,4
GOOD,7
Okey,1
forsenT,1
MOve,1
MrDestructoid,1
LMAOOOOOOOOOOO,2
move,12
Razor,1
TRYNA,1
greekbeing,1
eaten,1
EleW,2
TURKISH,5
SPIES,2
blanket,2
Shark?,1
arm,5
ater,1
REMOVE,2
works,2
Pepeg,1
mvoe,1
watee,1
russian,1
spies,1
tryna,1
FARMING,1
wit?,1
farming,2
conzEYES,5
@PR1MEDD,1
MAMA,1
big,17
brain,9
ting,1
LOOOOOOL,1
LAND,1
MOVING,2
SILT,1
went,3
Rhodes,1
wasn’t,1
Remove,1
SCAWED,1
greekHelp,13
nyo,1
HOME,2
LOLXD,2
JESUS,3
CHRIST,1
GOTTA,1
IVE,1
EVER,1
SEEN,1
Yo,1
train's,1
milli,1
fcked,1
feel,5
head,6
macinRaw,1
"WutFac""e",1
Scream,1
fluff,1
ill,1
gift,2
25,1
subs,3
tip,45
FORSEN?,1
horror,1
deaf,1
WOOOOOOOOOOSSSSSHHHHHH,1
Prayge,2
fast,3
RIP,5
4head,4
Be,1
that..,1
attract,1
damn.,2
lost?,1
Split,1
half,4
believe,1
exbcGiggle,1
AAAAAA,1
perfect,2
SMorc,1
I'M,1
DEAF,1
wheel,3
JESUST,1
don’t,3
:water_pistol:,2
takeoff!,1
FASTER,1
goin,1
attacking,1
MOAN,1
THIEFES,1
EGYPT,1
Forsen,1
=,7
landscape,1
ARMA,1
mic,5
covered,1
flops,1
though,3
BasedGod,2
SCUFFED,1
HypeYawn,1
Get,8
rough,1
waters,1
God,5
Looks,1
Mirage,1
Apex,2
LOOK,5
PACE,1
Right,1
tv,1
reporters,1
spy,1
entering,1
paddling,1
thang,1
zoomin,1
ffs,4
Train,2
1MA,1
1:12,1
cumming,1
HYPERS,42
WEIRD,2
SPELL,1
ARMS,1
ear,3
"Paxt___,",2
REQUEST,1
TROOPS,1
@damlybe,1
earthquake,1
wind....just,1
saabRun,1
peepoSa,1
"@palenkoe_man,",4
docArrive,1
CoolCat,4
jams,1
till,1
peddling,1
dock,2
SS,2
Greekler,1
wee'd,1
gob,1
mates,3
laugh,1
gf,1
broke,2
ACTUALLY,2
WIIIIIIIIIIIIIIIIINDDDDDDDDDDDDDDDD,1
Pop,1
Filter,1
Luckily,1
floats,1
windsounds,1
whoa,1
greeek,1
"pitworkout,",1
WOOOOOOOOOOOOOSH,1
yatch,1
bud,2
ECONOMY,1
pull,4
GREAKLINA,1
setting,1
chase,1
SAVED?,1
Looll,1
gas,1
birds,1
really,6
bug,1
speed!!!!,1
BOOM,1
greekGordo,3
pcpMeltdown,1
BACKPACK,1
CHEAPO,1
shoulda,2
swan,1
attack,1
water..,1
Ram,2
MUCH,1
wah,1
knee,1
"greenscreen,",1
filter,1
already,2
lsf,1
fuk,2
primec6Madlaugh,1
HEAR,6
water....youll,1
trust,1
YE,8
IKNOW,1
BUT,4
FULL,1
FASTHAAAA,1
MUUUFF,1
grecce,1
order,4
something,4
delivering,1
apes,1
newest,1
depo,1
COZY,2
gigachad,1
"@Paxt___,",2
CRINGE,3
ASMR,2
vicariously,4
VR,1
lookin,2
realistic,1
nowadays,1
OUR,1
DANK,4
SHHAAAAAAAAARRRRRRRRRKKKKK,1
ISTANBUL?,1
That,5
sick,4
trolling,1
GOT,4
GEMS,1
KILL,9
:clown_face:,13
rofl,2
clown_face,7
hahahah,2
ceremoClownspin,1
emoneyClown,3
AHAHAHAHAH,1
spongebob,1
livin,2
AGHHAHAHAH,1
peepoClown,1
greekAngry,3
wonkyWalk,1
Argostolion,1
distance?,1
CROCGODX,1
Not,5
ISTANBUL,2
amiloGasm,1
vansVansClown,2
ganging,1
closing,1
HONK,2
xmilkyClown,1
LOOOOOL,1
QUEST,1
https://youtube.com/Greekgodx,3
KAPPA,1
imagine,7
wearing,2
CUMMING,1
:sailboat:,1
fingal1L,2
jonzhePRIDE,2
zeddySpin,1
kneecap,1
"cam,",1
pro,1
Zimbabwe,1
:shark:,1
noob,1
piece,1
feces,1
ac7ionShake,1
CATjam,1
wonna,1
clownpiece,1
SEND,1
pooped,1
pants,2
PANIC,1
bc,1
circle,1
loose,2
skin,3
signal,1
border,3
patrol,3
Lookin,1
greekGweek,2
nmpRich,1
brazil,1
Mic,1
protector,1
AM,3
pay,17
:seven_o’clock:,2
dood,2
ENTER,1
TYPICO,1
stopping,1
pokoClown,2
WHERES,1
PASSPORT?,1
Typical,1
Thieves,1
theres,1
else,2
thing?!,1
SQUEEEEEK,1
ME.,1
Keepo,4
Weed,1
(no,1
space),1
WERE,1
Raid,1
TUCK,1
throw,1
jacket,1
greekHey,3
ELLO,1
Ramming,1
speed!,1
HeyGuys,3
HAHAH,1
YOINKED,2
KonCha,1
Awks,1
PLUNDER,1
DinkDonk,1
flushed_face,3
"yaaaarr,",1
Hello,5
RAIDERS,1
LMFAOOOOOOOOO,1
NES,1
SNIPERS?,1
:flushed_face:,8
handshake,1
3Lass,54
weeey,1
champ,2
backhand_index_pointing_right,2
DoritosChip,3
Buy,8
One,3
FREE,11
Konstantinoupoli,1
AYYY,1
M8,2
EZZZZ,2
SMASH,1
human,2
interaction,2
OI,2
BRISTOL,8
Ez,2
bristol,2
built,1
bumper,1
cars,1
weyyy,1
bang,1
creepy,1
I’ve,1
chance,2
BRISTO,1
bristow,1
insta,1
SADGE,1
oi's,1
SMOOTH,8
WAIT,2
HELP!,2
fellow,1
3heads,1
cute,4
doxed,1
brzv,1
FRISTOL,2
yum,1
LASSES,2
WTF?!,1
MALDY,1
FREM,1
smooth,9
numbers,1
DITCHED,10
lasses,1
ENGLAND,1
CITY,1
xqcEZ,7
BOTTLE,1
CHAD,5
Smooth,5
THREESOME,1
BROOO,1
MOREEE,1
technically,1
2nd,1
pretend,1
juump,1
SON,1
soooooooooo,1
Smooth.,1
YOUTHEY,1
KEKWait,6
sexual,1
intercourse,1
Threesome,1
Bristol,2
squadR,4
ofc,1
af….,1
semi,1
cool,7
entire,4
SAHAHHAHAAHHA,1
WELCOME,1
BRIXTON,1
ayyyy,1
England,2
premature,1
yuou,1
wasting,2
OMEGALL,1
3Kool,23
HAHAHAHAA,1
sigma,1
instead,1
BUS,1
Proud,1
CUUMNED,1
comedy,1
conv,1
nervous,1
BLEW,1
"mate????,",1
urself,2
seconds:,1
DID,3
ALL,7
THAT'S,1
Chats,1
drowning,1
Let,1
lacOMEGA,5
Q,1
E,5
H,1
HAHAHAHAHAHA,1
AHAHAHAHAHAAHAHA,1
AAAAAAAAH,1
cow,1
wa,1
luv,2
LOOOOOOOOOOOOL,2
NERVOUS,2
wonders,1
fater,1
floor...,1
radVintage,2
thirty,1
ryleebCHEEKS,1
RATION,1
WATER???,1
AHAHAHAH,2
DOXED,1
MORE,5
water*,1
lmaoooooo,1
rn?,1
Of,2
course,2
reject,1
greekWhy,1
esfandScoots,1
WutFaced,1
ASJDASDJASDJ,1
kapping,1
Hydrated,1
Leanin,25
worries,1
deafening,1
nmpDRINK,2
O.,1
O,4
PEPELEPSY,1
"guy,",1
brimming,1
confidence,1
retracts,1
meters,1
thabSip,1
Austismo,1
service,5
Literal,1
eldritch,1
entity,1
survive,1
21,3
ration,1
enormous,1
before?,1
close,6
"well,",1
quick,2
convo,1
planted,1
seed,1
Chad,1
insane,2
seaman,2
basically,1
merman,1
cthulu,1
glad,3
autism,4
octopus,1
subject,1
breached,1
containment,1
Pick,1
up.,1
MADNESS,2
Mr,1
Poseidon,1
angry,1
there:),1
open,1
Love,2
hearing,1
"phones,",1
outside,3
Bro...fix,1
mental,2
...!,1
Autismo,1
Prime,1
Cuz,1
Octopussy,1
SAYING,1
lmaooooooooooo,1
LOSE,2
VIRGINITY,1
"@abs00lute,",1
abs00lute,1
11,1
28,1
hours,2
adhd,2
meds,3
"""ocean""",1
dank,2
Ditch,1
"boat,",1
ashore,1
LMhLOOOOOOOOOOL,1
So?,1
??/,1
greekMad,1
huh?,1
WAYTOODEEP,1
<-,1
audio.,1
waytoodank,2
PUT,4
SELF,1
HARM,1
PunOko,1
that's,4
ocean?,1
nyoo,1
WAYTOODANK!,1
fan,1
hurt?,2
COVER,2
Adhd,1
plus,2
injury,1
Don’t,5
forget,3
reapply,2
sunscreen,3
d00d,2
HAHAHA,1
CROCS?,1
dump,1
RUBBER,1
CROXS,1
SUC,1
INCOMING,1
YOU'RE,2
SAW,2
Crocs,2
off!,1
cgi,1
thing,8
mokaW,1
SATAN,1
freckles,6
gg,1
squeaky,1
777,7
cyr666,1
nooooooooooooooooooooooooooooooo,1
2020Drop,1
amiloRage,1
VOID,3
NUMBER,7
rust,3
lmaooo,4
YALLAAAAAA,1
Last,1
alive,2
satan?,1
DEVIL,1
:angry_face_with_horns:,1
extra,5
dying,1
"@seban___,",1
:backhand_index_pointing_right::shark:,1
Porn,1
actors,1
TORNADO,1
WAY?,1
twin,1
MF,1
sadgeiLOLE,1
:joy:,1
777777777,1
7777777777,1
Satan,1
CAMERA,5
INSIDE,1
Can,3
sing,1
shanty,2
77777777777777777,1
mom,2
666,1
cx,5
SEHVOHN,1
thing?,3
:folded_hands:,1
SEEMS,1
guys,2
"dude,",1
word,2
UNBAN,2
CUUUHZ,1
??????,1
True,7
feed,2
diehard,1
@Godly_AntW,1
kids,3
ICE,4
TWITCH!!,1
SPACEX,2
LAUNCH,2
OVERLOAD,1
deck,1
Gfbhhty5tfbgg,1
FIX,2
DuckerZ,1
save,3
RESCUE,4
loudly_crying_face,1
CARES,1
@cums,1
f,2
saviour,4
wyes,1
songs?,1
Coastguard,2
windscreen,1
mic......,1
ong,1
1%,1
zone,1
brah,1
finaoliveFin,1
FOLLOWING,1
Tay,1
PERMA,1
cardio,1
session,1
You're,2
someone,3
LIT,1
Greek....maybe,1
forward,1
"bro,",2
devil,1
liar,1
shiver,1
timbers,1
HURRICANE,1
GGX,12
GANG,7
making,2
ARRESTED,2
africa,1
$,3
4Weir,1
gregs,1
greekKid,10
lemme,1
da,3
:loudly_crying_face:,1
oi,7
tired,1
meh,1
FLEX,1
SAVED,19
Ferry,1
Edition,1
civilazation,1
saved,13
LMFAOOOO,2
Gimme,1
TIRED,1
ENDING,1
needed,1
prob,3
seedn,1
guy?,1
DROVE,8
Kissahomie,3
thank,12
seedn.,1
smiling_face_with_heart-eyes,1
CHECK,2
checking,1
refugees,2
dono,3
emoneyLime,1
slash,1
dono??,1
GOIN,1
left?,6
lmaooooooooooooo,1
:face_with_tears_of_joy:DONO,1
HEHE,1
:smiling_face_with_heart-eyes:,1
sex?,1
SHUT,2
DONO,2
SAID,4
BYE,3
4WeirdHD,6
Dono,1
NEEDED,2
@cleverdew,1
JUICER,2
wildin,2
SEX?,2
He’s,1
:cat_with_tears_of_joy:,1
SAME,4
Ditched,4
YAARGH,1
GONE,2
AAHAHHAHA,1
virgin,4
ran,2
LOOOOOOOL,1
KKontent,1
aint,5
saving,2
bruther,1
pirate....hes,1
kidnap,2
OMEGALU,1
lmaooooooooooooooo,1
CUCKED,5
OMEGALUUL,1
CYA,1
happened,1
day?,2
helicopter,2
Imagine,4
music????,1
society,1
LIFE,4
GUARD,1
uncaged,1
simp,3
please?,1
hoes,1
bros,1
ditched,3
PREACH,1
KING,2
check,2
Incel,1
phase,6
UNIRONICALLY,1
AN,3
INCEL,1
TODAY,1
GREEKSTER,1
Bet,1
JOBD,1
Men,1
squadDolmes,1
shameeeles,1
HE's,1
irl,21
He's,1
calling,1
$10k,1
TriTasty,3
ye,4
boatin,1
poor,4
forsenPuke3,1
pop,2
pimple,1
plz,3
"""help""",1
AGAIN,3
costs,1
money,10
Wiiiiinnnnndddddd,1
Woooosh,1
MUTE,1
needs,2
also.,1
rocket,1
lap,1
lower,2
fatxi,1
:muted_speaker:,2
PIT,24
prison,4
fishs,1
هههههههههههههههه,1
Mute,2
winched,1
safety,1
Kos,1
af,5
fookin,1
Joe,7
414k,1
$2.6k,1
birdys1HYPER,1
sock,1
TXI,1
cosmetic,1
ahhahahaha,1
LIVING,1
LYFE,1
COSMETIC,1
WHEEL,1
arrived,1
BLOCK,1
socks,1
strange,1
squadLUL,1
COUNTRY,1
ROADDDDDDDD,1
CAME,1
Ah,1
lokl,1
block,1
device,1
forsenNOIDONTTHINKSO,2
bobooom,1
OpieOP,4
HEH,2
BOM,1
PLACE,1
BELONGGGGGG,1
Country,1
roads,1
damsell,1
distress,1
crist,1
Pedal,1
grills?,1
boyfriend,2
YUO,1
PAY,5
HIM,79
500$,3
turtles,5
WHA,1
ANDY,1
buzzcu1O7,1
widepeepoHappy,7
:turtle:,5
Snappers,1
TURTLES,5
HIT,1
TURTLE,10
KILLED,4
xqcOmega,3
Waaoohh,1
speak,6
greek?,2
fly,1
killed,1
DED,1
xmilkyY,1
rabid,1
πέταλοβαρκα,1
!settitle,3
RECORDING,2
NOISES,3
CARIBBEAN,3
|,3
twitter,1
changed,7
"""RECORDING",2
"twitter"".",1
"twitter""!",1
HAHAHAHAHAHAHAHAHAHAAH,1
:clown_face::clown_face::clown_face::clown_face::clown_face::clown_face:,1
xqcGob,1
evryone,1
KevinTurtle,2
spoke,1
wtf?,1
LIES,1
farting,1
je,1
giant,1
conch,1
OWN,1
pedals,2
New,1
Friend,1
l0l,2
ladies,1
10INCH,1
MUTANT,1
NINJA,1
Lazy,1
Baby,1
boosted,1
gachiW,1
CORTCH,1
Weeeeeeeeee,1
HahaBall,1
thigh,1
AHAHAHAHAHAH,1
stolen,2
junk,1
RIDE,2
pose,1
Spreading,1
Panicking,1
trivial,1
bs,1
INJURED,1
Birth,1
Position,1
macerated,1
position,1
slip,3
pouting_face,4
YAY,2
3Dance,5
kidnapped,2
ballz,1
curse,1
monkaE,1
TIP,62
HAHAHHAHAHHH,1
LOOOOOOl,1
xqcS,1
Bruh,3
sides,2
hurting,1
lmaoo,2
Tesla,1
WORK,1
HARD,3
BAKA,1
fans,1
when?,1
greklers,2
crazychat,1
ride,4
wheelchair_symbol,2
easy,1
GUYS,3
LUCKY,1
boatmaster,1
GREKLERS,1
COCKKA,1
Kiss,6
OPEN,1
FHPDIJFSDHIJFSDH,1
Mr.Bean,1
wooo,1
weeeeeeee,2
EZY,1
X,5
knutS,1
RESCUER,1
GOTTEN,1
ELECTRIC,2
YOOOOOO,1
took,2
hostager,1
WEEEEEE,2
PRISONER,2
xqcPrime,1
Gonna,1
towed,1
LIVELEAK,1
KIDNAPPING,2
greekHypers,3
BY,2
KISS,8
snaps,1
WEEEEE,1
yyjSUPERPOG,1
cack,1
wingspan,1
tho,5
proud,2
dear,1
:wheelchair_symbol:,3
SAAAVED,1
WILLY,1
LET,1
CAPSIZE,1
pointing,1
COKA,1
WEEEE,1
XXSSSSSSSSXXXXXXXXXX,1
mod,1
WOOOO,1
him…,2
MOD,5
Saved!,1
forsenFlirt,1
WOOOOOO,1
POGGGGGGGGG,1
pit,19
WOOOOOOO,1
Yoooooo,1
LATA,2
BITCH,2
TriOverheat,2
gang,3
DON'T,4
!vanish,1
you???,1
seems,1
chill,6
job,3
Flirt,2
CHEATING,2
>:(,1
FOOT,3
forsenMODS,1
TAKEN,1
VIP,2
Where,5
roleplaying,1
laughed,1
life.,1
mess.,1
flirt,3
SUCK,28
PEDDAL,1
GWEEK,4
mf,3
himself....LULW,1
breaking,2
uncle,1
WTH,1
house,5
SNAP,1
petal,1
CHILD,1
DUM,1
TOLD,4
MANCHILD,1
engine.,1
Almost,1
Did,4
scamed,1
KID,1
yeh,1
Told,1
mof,1
BIRTH,1
POSITION,1
Hit,1
150,2
euro,5
ty,2
SNAPPED,1
Grown,1
PLS,3
4Kid,2
p2w,1
ADHD,1
That'll,1
$200,4
happened?,2
fell,1
asleep,1
hehe,1
"man,",1
living,4
abcdefghijklmnopqrstuvwxyz,1
ENJOY,1
PAYING,2
must,3
asf,1
woo,1
1000$,1
rescued,2
awesome,1
"dang,",1
WEEEEEEE,1
captured,1
UPGRADE,1
coastguard:,1
you?,3
100,3
least,1
WOO,1
dumb.,1
HUNNIND,1
Pay,2
fuel,2
thatll,1
100$,1
WOooo,1
sea?t,1
WOULD,2
NEVER,1
friends,8
sodaDrunk,2
300$,1
hope,3
refund,1
backseat,2
@isailorvenus,1
$1000,1
50euros,1
Yeah...,1
1000€,1
@LonelyJ0kerr,1
2000$,1
50$,1
emoneyPain,6
man!,1
Some,1
beers,1
vibe,2
Oh...,1
girlfi3WOW,2
dudes,1
LADS,1
Pain,2
5000,1
GREEK!?,1
virtual,1
whut,1
we're,1
??????????????????????,1
?>,1
jamBeer,1
2.000.000$,1
5000$,1
-200,3
gentleMaN,4
doobies,1
ITALY,1
Puff,1
fatty,1
DUI,1
10000$,1
HUH,1
EURO,4
GREEK...,1
Yeah,2
sup,5
oinky,1
groinky,1
@ohnoyoudiint,1
Speech,1
-200$,2
"10,000,000,000$",2
@Mouzouri,2
ALSO,1
CONCUR,1
50e,1
PokMaskedpika,1
SAVING,1
Boo,1
Hifool,1
dollar,2
dmt,1
create,1
CARRIED,1
?////////////?//?/?/?/?/?/?/?/?,1
@peepo_laugh,1
scam,4
inboun6,1
xmilkyTyrone,1
grek?,1
BEACH,1
chckenlegs,1
resque,1
mission,1
nooo,4
Fine,1
work,3
Peru,1
"@Mcpanties,",2
LOOOOOLOOOOOOOL,1
exist,1
hahaahah,1
refugee,1
caught,1
nowhere,1
LOOOOOOOOL,2
cash,1
OMEGlul,1
@goldsoulcat,3
shitting,1
LOOOOOOOOL????????,1
Complaining,1
:recycling_symbol:,1
reached,2
Italy,1
DROPPED,1
alone,1
AGANE,2
c,4
homies,1
KIDNAPPED,1
pepelaff,1
LIKE,1
CHILDHOOD,1
LIFEGUARD,1
SCAMMED,24
MOOOODS,1
THEGIRLS,1
sadgeiBrotha,5
deal,1
subtember,1
BETRAYED,1
hahahaahahahahaha,1
€100000,1
SQUEEKING,1
noooooo,1
TUTORIAL,1
LADIES,2
Workout,2
ditcher,1
400k,2
bet,4
Squeeky,1
Squeek,1
BAJCYCLE,1
forsenE,2
Well...this,1
`FAKE,1
Bike,1
lul,3
squadL,2
forsen1,2
THATLL,1
$500,1
electric,5
Malaka,1
played,2
lifeguard,1
owner,1
forsaaaaaaaaaaaaaaan,1
ot,1
Say,1
thankyou,1
ily,1
greeky,2
@cdn123,1
clip?,1
self,2
"50,000x",1
win,1
squeeky,1
forsaaaaaaaan,1
PepePls,15
bikecycle,1
TITANIC,1
bakerxMonka,3
thanks,3
malaka,4
:pouting_face:,3
Didn’t,1
bonk,1
LMOSOSOSOAAOA,1
bajs,1
Sued,1
STUPID,2
arnoldHalt,2
PARKING,1
judge,1
LAUGHING,1
nah,13
moinkaW,1
WORLDS,1
MOST,1
DANGEROUS,1
LMAAO,1
RAMMING,1
depressing,1
SOON,1
LMAOOOOOOOOOOOOO,1
atta,1
boy,4
PISSED,3
ppL,2
SAKE,1
Elp,1
bakerxHa,1
THANK,10
HAHAHAHAHAHHAH,1
DONE,1
somebody,1
reverse,1
finnishedd,1
everytime,1
bumpers,1
REALLY,2
Thank,3
Streamer.,1
FUNNY,1
FFS,5
@alexandrosgr_,3
kiss,8
ground,1
Crocks,1
"baby,",1
comes,1
jerkoff,1
fallin,1
bike,2
Fun,1
Copesen,1
guess,2
HOUSE,8
Give,4
EAT,10
€,2
SAVES,1
HAD,2
destroyed,1
properties,1
@ajhaoja,1
EU,17
everyone,3
FORGOT,2
LIFESAVINGS,1
thankers,1
Tip,5
BUY,29
Gift,1
GIFT,1
SUB,1
lochness,1
monster,1
finna,2
wealth,1
drainage,1
plane,2
Fck,2
marry,1
When,3
saves,1
bacon,1
SVING,1
:clown_face::clown_face::clown_face::clown_face::clown_face:,1
Tickle,1
shoes,1
"him,",1
hug,2
hospitality,1
SUBSCRIBE,2
ONLYFANS,2
Now,1
blames,1
savior,1
iyamaHeadbang,1
iyamaBassbounce,1
navy,1
ALRIGHT,1
sweat,1
Mod,2
FINGER,1
BUM,1
HOLE,1
tier3,1
thanked,1
gawk,1
3000,1
Scammed,2
family,1
houses,1
hunting,1
"Wait,",1
tipping???,1
kiss_mark,1
"em,",1
cops,1
Kissing,1
scamming,1
KNEES,1
Greek!,2
XQCL,1
THEY'RE,1
BATTERY,1
belly,1
tell,1
4HeadW,1
YACHT,1
4HeadHP,1
DOIN,1
PINK,1
loooooooooooooool,1
!place,1
But,3
comfortable,1
BIKE,2
ελλασ,1
HAHAHAHHAHAHHAHA,1
80kg,1
max,1
nonono,1
Such,1
GON,1
I'LL,1
NewRecord,4
HAHAHHAHAHAHAHHAHAHA,1
Strong,2
B),1
broo,3
easily,1
charged,1
Rust,1
jetski,1
CANM,1
GOOOOO,1
EXTRA,1
magnet,7
plsea,1
UHMM,1
freak,1
MAGNET,5
gifties,1
agaiiin,1
one!!!!,1
wants,1
TOUCH,1
Hmm,2
"that,",1
interesting,1
20€,1
beer,1
LEAKED,2
OMEGALULL,1
fridge?????????????,1
monkas,1
Seriously,1
cry,1
ought,1
shipwrecked,2
MERCH,1
MANNNN,1
WHOLE,5
STOCK,3
kefalonia,3
BUTY,1
fridge,5
bloke,1
]BUYYYYYY,1
Drake,2
kefalonia?,1
someday,1
xDD,1
WTF????,1
BUSINESS,1
THIEF,1
LOCATION,1
thankful,1
BAJ,1
cheap,5
streamers,3
1/8,1
TIP!!!,1
somewhere,1
BIG,2
TIIIPPP,1
FRIDGE,2
forsenHobo,1
andys,1
Streamer,1
NOOOOWWWWW,1
4WirdW,1
€1000,1
nose,2
focker,1
duck,1
EVERYTHING,1
"YOU""RE",1
KEFALONIA?,2
KApp,1
$100,1
cost,1
Tip???,1
@umoddbro,1
FFSSS,1
HACKERMANS,1
KEFALONIA,1
COOOCK,1
"TIP,",1
SUPPORT,1
AMERICAN,1
THING,1
FOREHEAD,2
AWAKE,1
backseating,3
:JOY:,1
:JOY::JOY::JOY::JOY::JOY:,1
whos,1
Quick,1
nosh,1
COLLEGE,1
TUITION,1
SUXK,2
COMPANY,1
jobby,1
ac7ionWhoa,2
AMERICANS,3
THINK,2
Chatter,1
CREAMPIE,1
forehead,6
magent5Pepeclap,1
cum,2
OMEGLUL,1
CRADLE,1
"dick,",1
NOW.,1
pitt,1
NA,8
FROGS,1
tipping,15
offer,1
matey,1
sloppy,1
toppy,1
YUUUR,1
yerrrrr,2
LICK,1
TAINT,1
LEAST,1
Poke,1
hole,1
"""@Greekgodx",2
"Twitter""!",2
IMAGINE,2
TIPPING,6
"Twitter"".",2
italy,3
MUUUUUUF,1
YUUUURT,1
@BESTjhhjNA,1
Bravo,1
Jimmy,1
TriDance,48
YRRRRR,1
realy,1
cutie,1
DAMN,9
Stare,19
irish,1
coffee,25
Sliker,1
CUTIE,1
She,2
stare,1
BOOAB,1
uh,4
la,3
DIFFERENT,1
SHOP,3
NOP,1
city,3
this?,1
BrokeBack,3
FIGHT,1
STEAL,2
θελο,1
νερο,1
BARTENDER,2
WOOWA,1
"""a",1
"drink""",2
WOMAN,2
jammies,1
"""A",2
GIRT,1
us.,1
sweet,1
"beard,",1
mask,2
please!,1
bar,1
HER,5
"DRINK""",1
cold,16
DM.CA,2
Dance,9
learn,1
3rd,1
world,1
culture,1
coffee?,3
PEOPLE,1
󠀀so,1
greedy,1
iced,5
americano,1
SUCk,1
COFFEE,14
large,3
frappe,4
''??????,1
"""IRL",2
coffe,3
FREDDO,2
ESPRESSO,4
yes....,1
USUAL,1
BEER,3
medium,2
npc,1
bro!,1
COLD,9
@Valefore,1
chu,1
cold?????,1
LADY,1
LARGE,2
bdeoLilN,1
dong,1
ALARM,1
shitty,1
greekPls,1
café,1
??????????,3
cutie\,1
atpGood,1
theyre,2
coffeee,1
seem,3
lost.,1
COFFE,3
resturant,1
Look,1
bdeoDEO,1
Cold?,1
Disgraceful,1
Wait...,1
jnbSmash,2
lady,1
economy,1
ghetto,1
later?,1
Iced,1
Retard,1
COFEE,2
!!,1
MISSING,1
sizes,1
"bruv,",1
USA,1
hermano,1
DELICIOUS!,1
espresso,10
homemade,1
Maybe,1
cold?,1
female,3
gets,2
pepegas,1
"iced,",1
escobar,1
also,2
frapee,1
jnbW,1
COOMING,1
FEMALE,1
PLEASEEEEE,1
boiling,1
@noddy_twice,1
ESSPRESSO,1
GOOGLE,1
@woozie3055,1
americans,1
burgers,1
dfries,1
war,1
",",3
vibes,3
Dunkin,1
shop,2
sodaComfy,1
TheIlluminati,1
EnlightenD,1
GlitchCat,2
SmokeTime,23
MEANT,1
BREW,1
HOT,1
ICED,1
HATERS,1
T1,1
gregory,1
Best,1
hang,2
batchest,3
everything,1
FOODS,1
KETO,1
moment,2
swagyP,1
gmsjigrdthdthdrhdths,1
30,4
POUNDS,1
SPOT,1
sec,1
SHE,1
dudududu,1
Email!,2
KET,2
pounds,2
gifters,2
-30,1
@BOOZOOL,1
booba!,1
LLOOL,1
RIPPED,4
BUffed,1
hohohoho,1
damnnnnn,1
sheeeeeeeeeeeesh,1
chillo,1
bat,2
MUSSCLES,1
lot,1
"month,",1
dem,2
gains,3
chad,2
CHADGODX,4
gachaAPPROVE,1
greekWalk,21
squadHYPERS,1
EGO,1
PHASE,1
colour,1
Cold,1
chilled,1
coffee..,1
whateva,1
ohohoho,1
yolked,1
DAMNNNN,1
BRUHGHHHHH,1
Looking,2
Greeks,1
hahaha,3
!commands,1
list,1
Commands,1
https://streamlabs.com/greekgodx/cloudbot,1
HahaSweat,1
kinda,5
bbbbooba,1
yikes,1
MALAKA,3
MITSO,1
STAMATA,1
CRACKED,1
nnabiAbc,4
armpit,4
o.o,1
shoult,1
sicily,1
FLEXING,2
biceps,2
GAY,1
public...,1
PUBES,1
B,2
atChest,1
everything.,2
dans,1
excited,1
Cx\,1
GREEEEEEEEEEEK,1
PUBLIC,2
public,2
lmaooooooo,1
t1,3
fitness,1
test,1
Back,1
ego,1
rid,1
layers,1
we'll,1
se,1
eyour,1
bones,1
SCARING,1
gachiPls,1
flex,3
CX,2
waitress,8
WideHardp,1
SOON?,1
Wallet,1
gone,1
CRAB,1
STOLE,1
WALLET,1
EBZ,1
DADDY,1
"magnet,",1
yoinks,1
wallet,2
rich,8
quid,2
ENZA,1
always,3
cash??,2
nmpRicj,1
variety,4
streams,6
tyler?,1
5€,1
POOR,1
MONEY,2
where's,1
drinking,4
shows,1
start,3
flexing,4
KALISPERA,1
Cashout,1
!tsm,1
Nothing,1
spamming,2
x,1
:3,1
miss,1
\,1
wood,1
coins,1
dishonest,1
well.,1
"""youre",1
"welcome""",1
KALA,1
KanyeStare,1
Taliro,1
@neglectedpipe,1
dumptruck,1
ass?,1
;),3
SHY,1
Smirk,1
ezz,1
teach,1
conversation,2
influenced,1
Cc,1
cofee,1
scammed,7
photo,12
440k,4
since,3
Enjoy,1
TAHT,1
FRAPPEE,1
SCAMMMMMMED,1
SHIIT,2
SCAMMAZED,1
STRONG,2
likes,1
simulated,1
that?,1
pays,1
prick,1
eh,1
Espresson,1
scammaz,1
lolol,1
horny,2
KEK,1
water???,1
"""UR",1
"WELCOME""",1
hahahahahahaha,2
healthy,2
dose,1
HAYHAHAHAHA,1
asleepyOMEGALUL,1
WO-AH,1
REFUND,1
50%,4
FROTH,2
NO!!,1
asked,1
found,1
goddeses,1
mate?,1
+10,1
@bloopsuperjuice,1
tanski1C,1
ASKED,1
eeh,1
esfandOkay,2
melt,1
SCAMMAZ,1
dummy,2
EXpresso,1
AF,4
EXPRESO,2
expresso,2
espresso?,1
IT'S,1
FRAPPE,1
STRONGG,1
strong,4
w,1
EXPRESSO,1
DESCRIBE,1
TASTE,1
SCAM,3
CUP,1
nothing,2
AW,1
Lo,1
creek,1
-2,1
M,2
ASK,7
PHOTO,3
Cheap,1
premium,1
euros,4
natural,1
"""EXPRESSO""",1
yooo,2
EZclap,2
SURE,1
ADD,1
LIGHTER,1
flexxxx,1
lift,1
scamm,1
Rude,1
vitaFACE,1
swagyHehehe,2
price,1
nvm,1
understand,1
amount,1
Fatboy,1
retroFLEX,1
dog,1
JUICER!,1
greekLeave,3
faint,1
Sex,1
saying,2
"""expresso""",1
Flex,2
waiting,2
wrestle,1
invited,1
Knut,1
CAR,2
golf,1
golden,1
fart,7
smellah,2
dark,1
huh,2
JUICED,1
xqcArm1,2
greekOkay,3
xqcArm2,1
*passes,1
GOLF,1
posture,2
sucks,1
Ssadge,1
TPFufun,1
playce,1
hemorrhoid,1
Drink,1
juisin,1
now?,2
coofee,1
cent,1
t1s,2
tits,1
scamaz,1
Clip,1
buddy,1
sus,4
THOSE,2
LIPS,5
KappaPrice,1
SUS,2
HEAD,1
SUSSY,1
stoooooop,1
EWWWWWWWW,1
BJ,1
Big,2
retroSCARED,1
prime,1
rice,4
srtrwaw,1
Main,1
Updates,1
skills,1
harder,3
GUY,4
onlyfans,1
dat,1
mah,1
gadd,1
GACHIHYPER,1
:sun:,1
Lipsgodx,1
juice?,2
cuties,1
yet??,1
DICKSUCKING,1
TITS,1
ronaldo,1
:/,1
meaaaan,1
illegal,1
greekland,1
ruining,1
WANNA,1
@AnthonyAlexander2nd,1
"1,80",1
why?,1
monkaStare,1
mfkkk,1
maybe,2
sucking,2
girlfriend,4
goofball,1
HAHAAHAA,1
GREEKGODANABOLICX,1
HAAHAHAHAHA,1
sussy,1
baka,1
:kissing_face:,1
squadPains,1
BWAHAHAH,1
cruise,1
zoilAwk,2
NOH,1
5head,1
V,1
BRUV,2
*stares,1
lips*,1
MALDING,5
Fucking,2
Geek,1
bating,1
yyj1,1
SUNBURNT,1
MOFO,1
BALDING,3
haver,1
crush,1
squadBald,2
talking,2
obsessed,1
CMON,2
Who,1
iambloCC,2
5500,1
zero,1
MOMENT,1
screen?,1
kind,1
@ToastedTheYummyo,1
number,2
ACNE,1
FROM........,1
breedable,1
SoBayed,1
VEGETA,1
CON-tent,1
greekTRUE,2
yep,3
som,1
eserious,1
bro..,1
apply,1
sunscreen?,1
sometimes,1
lowkey,1
freddie,1
mercury,1
tru,1
every,1
"fine,",1
ppl,2
mcdonald,1
hairlinew,1
peak,1
dare,2
AppaK,1
goat,4
doctorWTF,1
123,1
That’s,2
shots,3
story,2
SLOTS,1
wha?,1
GOAT,3
GOAT??,1
truee,1
cap,5
agane,1
greasy,1
thx,1
Content,1
GREEK?,1
GREKLER?,1
amen,1
taytay?,1
MATRIX,1
:billed_cap:,1
KKool,3
KappaCool,2
4Joy,1
nuts,1
livestreaming,1
streamign,1
rounds,1
ezioflorence,1
matrix,1
SourPls,1
HAHAHAHAHA,1
My,3
except,2
SingsNote,1
doses,1
"cup,",1
FARMER,1
swagyDance,1
sk,1
nam1BatmanChest,3
Whats,1
grinding,1
WORKER,1
go?,1
HEADASS,1
dick?,1
odaCap,10
DICC,1
adinYeauh,1
:weary_face:,1
Join,1
greece?,2
AYAYAWeird,2
Til,1
Collapse,1
chest,3
phoneRing,1
WutFAce,1
Jon,1
Zherka,1
games?,1
SUMMITS,3
preworkout,1
reps,2
blackhammer,1
REAR,1
DELTS,1
:collision:,1
pound,1
let's,3
15,1
cumm,1
flips,1
GIUO9FDSOPIHGJSPQD,1
CUMMY,1
????????????,1
gross,1
leech,1
anymore?,1
deadlifts,1
retroBLUSH,1
Cummy,1
know?,1
weights,1
sway,1
bend,1
knees,1
Greekgodx,2
squeeze,1
contract,1
force,1
"in,",1
results.,1
homie!,1
cum??,1
batman,1
SPECIAL,1
SAUCE,2
yikesss,1
cummy,2
GrankItUp,3
swagyDespair,1
iambloSMH,1
adinThatscrazy,1
atpCarl,1
comon,1
Athens?,1
advice,1
motivated?,1
worked,1
forr,1
party,2
"me,",2
exercised,1
pig,1
adinGross,1
cum?,1
gross.,1
SECRET,2
adinBronny,1
Spam,1
fredo,1
4aplo,1
gia,1
prwino,1
3upnima,1
kai,1
AIGHT,1
clear,2
Cum,1
????!!,1
shave,5
mobuckMCTV,1
nmpHey,1
language,1
man?,1
cancer,1
coomer,1
azzraSHEESH2,1
azzraSHEESH1,1
SUNBLOOCK,1
freakles,1
greckles,1
Cummy???,1
OY,1
LUV,1
ModCheck,1
GTA,4
oioi,1
SUN,1
based,1
retroGOODONE,1
forsenBased,1
@tahaamz,1
duu,1
CHARACTER,1
when's,2
GREEK!,1
mayahiBased,1
atms,1
BASED,1
Rob?,1
honest,1
rob,1
peace,3
ROBBED,2
xqcRich,1
touch,2
BAY,1
ZED,1
atm,1
machine,1
quiet,1
"@Kurupt89,",1
20,1
doin,1
COOMER,1
touchers?,1
squadHYPERW,1
joe,1
Greece?,4
BOUT,1
DAT,1
regrets,1
FAIR,1
FORMER,1
DISGRACE,1
SERVED,1
filming,2
anyone,2
BONUS,1
squadNS,1
gambling,2
limmyHeadshakeGif,1
read,1
GAMBA,3
homie,6
gamba,12
responsibly,1
lyf,1
Bon,1
Apetit,1
@boozool,1
USD,1
boring,2
ISLE,3
gambing,1
rolling,2
count,1
touching,1
ingerland,1
apex,4
react,3
shut,1
donation,2
COD,2
started,1
"day,",1
wish,2
cod,1
video,2
reacting,2
PLAYERZ,1
CALL,5
DUTY,3
came,1
battlefield,1
SKYRIM,13
league,2
road,1
rank,1
Gamba,1
Andy,3
DOnt,1
gamble,2
emoneySleeper,1
emoneySleep,1
slikSleeper,2
Noooo,1
RresidentSleeper,1
juey,1
RUST,3
League,1
legends>??,1
millionaire,1
Gym,1
@r3ptillicu5,1
respect,1
bouts,1
BF,6
brainless,1
OMGEAL,1
picking,2
IRL?,1
cooking,1
irls,1
sliker,1
cup,1
england,1
"now,",1
pissing,1
week,1
england?,1
fam,2
trim,2
shaggy,2
demand,2
BATTLEFIELD,2
games,3
BUK,1
play,5
poke,1
IRL's,2
isle,2
hhtwwwdjmm,1
judy,1
finish,1
skyrim,1
happy?,1
COD!,1
WARZONE,1
grek,5
faze,2
"@jogiduven,",1
Sounds,1
tbh,2
LOLLLLL,1
OLLL,1
uk?,2
aha,1
:raised_hand:,1
moxy,1
FINISH,2
stressed,1
How’s,1
bigggg,1
smr,1
fax,2
GAMBE,1
JUUDY,1
steams,1
stuff,1
trueeee,1
warzone,1
GAMING,1
STREAMS,1
truth,3
OSU,1
Play,2
diablo,1
valorant,1
gta,1
bot,1
space,1
osrs,1
hd,1
visit,2
amsterdam,1
aim,2
slots,1
:sleeping_face:,1
worth,1
waste,1
either,1
colombia,1
problem,1
12y,1
olds,1
Battlefield,1
tarkov,1
backhair?,1
dissappointed,1
lose,2
promised,1
Red,1
redemption,1
ago.,1
gooo,1
Greece??,1
record,1
GreekWalk,1
speedrun,1
career,1
STREAM????,1
playin,1
apex?,1
GOO,2
Osu,1
greekOi,2
MUCIN,1
KINDA,1
BUSSIN,1
jnbPride,1
clubSwag,2
eating,1
mcgooser,1
STREAM?,1
summer,1
slime,1
Have,1
permanantly?,1
franklin,1
act,1
@any_______gifters________,1
u??,1
part,3
KAY?,1
GRANDA,1
PA,1
LIFT,1
dicks?,1
ps1,1
greekSlav,3
barber,1
andy?,1
thegeekLove,3
GREEKSTERS,1
"Zombie_Guy94,",1
gril,1
waht,1
juiced,1
gills,1
flippin,1
Uk,1
irl?,1
ShowOfHands,1
adin,1
ross,1
England?,2
IT!!!,1
UK???,1
pit?,1
:three_o’clock:,1
CLOCK,1
Tomorrow,1
staying,2
goooi,1
ready,3
orderd,1
food,2
poppin,1
UK???Irl,1
UK???.,1
Gunit,1
@CrunchRock,1
music?,1
GULAG,2
alright,1
onwards,1
GYM,1
sum,1
LFG,1
travel,1
ananannnananan,1
ana,1
nad,1
WALK,1
Nananananana,1
thegeekHi,1
or?,1
"@Peepo_laugh,",1
ppHop,5
haircut,3
needing,1
malding,5
Balding,1
Asif,1
spot,1
planning,1
america?,1
abouts,1
@logOut11,1
analyze,1
balding,3
mauld,1
MALD,1
vegeta,1
MAUD,1
bald,3
Lick,1
fingers,1
BALDGODX,1
thegeekHug,1
mAld,1
OLD,3
OPIUM,1
hair.,1
used,2
top,3
hairline,7
hair,7
bit,1
king?,1
Hairline,1
retreating,1
French,1
lecock,1
FeelsStongMan,1
song,3
grey,2
Sadg,1
:flexed_biceps:,2
receeding,1
xqc,1
dope,1
Shush!,1
size,1
reduction,1
"No,",1
Fat,1
6head,1
AIRPORT,1
loooooooooooool,1
4Hewd,1
ratio,1
it',1
fade,2
Airport,1
:alien:,1
Frankenstain,1
beard,2
tall,1
"forehead,",1
Old,1
school,1
runescape?,1
megamind,1
name,3
"green,",1
MEGAMINDX,3
stretching,1
straight,1
cave,1
ahahhahahahahaha,1
mu,1
huge,2
squadBrug,1
ripples,1
means,4
wide,1
Desperate,1
cause,2
enlarge,1
1Head,1
2Head,1
EXCESSIVE,1
EYEBROW,1
MOVEMENT,1
WRINKLES,1
PETTHEGREKLER,5
Its.,1
Ot,1
jacked?,1
VLAKA,1
tiny,1
receding,1
Botox,1
stand,3
pay;,1
4House,1
Jorge,1
happening,1
bank?,1
@d__e__x__t__e__r,1
manscape,1
thegeekGasm,1
MAKING,1
FEELING,1
THAN,4
YESTERDAY,1
CHAT?,1
seeding,1
opened,1
"hairline,",1
ELLARY,1
spend,1
lil,1
nas,1
greekKool,7
Sing,1
listening,1
background,2
understanding,1
Dine,1
&,1
Dash,1
κανε,1
κανα,1
καμακι,1
ρε,1
fancy,1
tonimcPOGGERS,1
ΠΟΥ,1
ΕΙΣΑΙ,1
ΡΕ,1
chatter,1
sims,1
bars,2
posi,1
greak,1
kisses,1
Ioannina,1
@alexandersalami2,1
Souvlaki?,1
sodaO,1
@JACKLVE,1
normally,1
DINE,1
DASH,1
wait???,1
payge,1
"Yes,",1
pay.,1
tiddies,1
BREASTGODX,1
helloo,1
Payge,1
FREE?,1
counter,1
RUN,7
w8,1
siu,1
feels,1
lifetime,1
watched,1
dolmades,1
Grats,1
loss,1
emoneySwag,1
waiter,1
woof,1
meow,1
Damnnnn,1
mandatory,4
europe,1
NYA~,1
con?,1
without,1
paying,2
Drill,1
cucks,2
Run,1
greeeeek,1
CatBag,1
Leave,1
Hey,2
farmer,1
Greg,1
leaf,1
place??,1
eu,6
obligatory,1
wifes,1
nobody,1
ti[s,1
yoros,1
200%,1
EUROS,1
tips,4
toomuch,1
@WhatMoreCanIDo,1
Tipping,3
anywhere,1
europeans,1
20p,1
$20,1
anyway,1
@therealmoisesb,1
@TheRealMoisesB,1
PogTasty,1
Euro,1
5£,1
tea?,1
gifted,1
ppimHi1,1
@Flowstate963,1
FOOD,2
RESTURANT,1
SAVINGS,3
savings,1
-5$,1
unheard,3
150%,1
@m1k3_waz0wski,2
mykonos,1
@wings_93,1
@Peepo_laugh,1
TIPING,1
@ivanfunny8,1
@schoolwaspoggers,1
wot?,1
assuming,1
TRUE_LULW,1
complementary,1
yoinked,1
bringing,1
deserves,1
1$,1
yallah,1
testosterone,3
room,3
bby?,1
She's,1
tub,1
EU??,1
Shes,1
staring,1
4LULW,1
waitreses,1
@crunchrock,2
salary.,1
depends,1
country,1
cheapskate,1
@ElToroTheOG,1
EU?,1
ASSUMING,1
makes,1
20???,1
weirdflex,1
geia,1
patrida,1
moy,1
Omegalul,1
@Faxe77,1
yabbeSure,1
RonSmug,1
-1.20,2
dduede,1
ARMPITS,1
MMMM,1
SMELLZ,1
FUZZZZ,1
musty,1
lick,1
@ninpo1x,1
gunna,1
odor,1
neck,1
muscle,1
describe,1
smell,1
@whafidz,1
femboy,1
@parianos74,1
ellinas,1
RAINFOREST,1
ARMPIT,1
Stank,1
jacked,1
yammy,1
Mandatory,1
MALEPROBLEMS,1
TriPls,19
PUBIC,1
ARM,1
Sky,1
clear.,1
AMERIFATS,1
CHEQUE,1
YUH,7
mcdonalds,1
yuh,12
@pullverizer00,1
"shave,",1
Americans,1
staff,2
wages,1
unlike,1
SOFT,4
weirdos,1
bicep,3
everyday..bruh,1
toda,1
noway,1
SHIEEEET,1
dawg,1
FAT,3
@queensroyaldragoon,1
FRFR,1
@sarah_kittykat,1
triceps?,1
@Sarah_KittyKat,1
@QueensRoyalDragoon,1
communist,1
wage,1
vs,1
DP,1
plumyClub,3
@ZoraXx06,1
nasty,1
xqcDisco,2
"@Sarah_KittyKat,",1
sign_of_the_horns,1
worlds,1
strongest,1
BPs,1
expoensive,1
g,2
odaAiAiAi,1
mad,1
losCLB,2
comedyPls,1
flat,1
TriPeek,1
dive,1
yah,2
@desecration29,2
everything?,1
"""bicep""",1
Kekw,2
TriduuM,1
Huh,1
cheah,1
BARS,1
2x,1
waitresses,1
Yuh,2
nickmercsSTEVE,2
Crete,1
month,1
album,2
droppin,1
soon?,2
Rhyming,1
X3,1
3Kid,1
:fire:,2
double_kappa,1
mindy,1
Gang,1
RlyTho,1
YA,2
yikesJAM,17
mindy?,1
cmon,2
das,2
odaSpit,1
sto,1
fruit,2
counrty,1
abdGnome1,1
abdCiggurat,1
cringy,1
gimme,2
fendys,1
admiralVIBE,8
lube?,1
loot,1
lmao?,1
rhymes,1
"""bicep",1
"day""",1
"""ate",1
"today""",1
xqcTake,1
shes,1
bendy,1
27,1
lolll,2
sparcJam,2
Tonk,1
xqcJuice,1
STRAIGHT,1
fence,6
mennace,1
dennis,3
FENCE,2
menace,1
Lmaooooooooooooooo,1
pause,1
wrap,2
yeah...chicken,1
wrasp,1
DENNIS,1
MENACE,1
Trihard,2
rack,1
ytes,1
Lmao,2
meeee,1
afro,2
squadF,1
elephant,1
pic,1
REMEMBER,1
doo,1
playboy,1
Nick's,1
wall,1
cultural,1
appropriation,1
hasRight,1
hasLeft,1
ahahaha,1
BRING,1
fr,5
h1z1,1
cloakTrash,1
face_with_tears_of_joyface_with_tears_of_joyface_with_tears_of_joy,1
GRILS,1
FAR,2
SCORE,1
lolitsalexCaught,1
bash,1
3sum,1
Claps,1
score,1
pulleeeeeed,1
HOOOLY,1
inc.,1
Clappp,1
INNIT,1
SCORED,1
SUM,1
dropping,1
LATER,1
playaaa,1
VIRGIN,1
pussyyy,1
Guy!,1
IG,2
CHEEKS,1
CHOKED,1
pussssssssy,1
stalker‽?????,1
numer,1
choked,1
HAHA,3
sold,1
buff,1
married,1
4weird,1
veiEZ,1
YEAH,1
NEARLY,1
kappa,1
abort,1
dodged,1
nearly,1
laid,1
CLEAN,2
STOLEN,1
JOKE,1
OMALUL,1
@was1max,1
Lmaooo,1
brehh,1
DIDN'T,2
NUMER,1
LMFAOO,1
lov,1
PianoTime,44
WANTS,1
L0L,1
future,1
wife,1
x2,1
Close,1
SPOKE,1
DODGED,1
true..nearly,1
Farm,1
face_with_tears_of_joyface_with_tears_of_joyface_with_tears_of_joyface_with_tears_of_joy,1
tonight,1
practically,1
anymore,1
<---,1
@chat,1
tree,1
betches,1
virginity,1
WTFFFFFFFFF',1
In2Deep,1
"""see",1
"around""",1
forsenGun,1
goes,2
HOLD,1
remix,2
SKEET,1
gweek!!!,1
alecluRAVE,1
leberkas2,1
ay,7
nnabiTwo,1
REMIX,4
TriSalsa,2
YAH,1
TriKooling,1
sanda?,1
nnabiZero,1
sheeeeeee,1
santa,3
fanta,4
TeiDance,1
FANTA?,1
tyongPopcorn,1
quinGun,3
lollll,1
OOOOOOOOHHHHHHHHHH,1
walking,1
away?,1
YIKESS,1
sooflo02,1
lean,1
DANCE,1
BRR,1
BRRRR,1
water_pistol,1
hotties,1
Santa,6
tyongJAM,2
JAMMER,1
Shut,1
preschool,1
SANTA,2
FANTA,3
HolidaySanta,2
CRYING,1
YIKES,2
Yooo,1
nop,1
tubz,1
flipped,3
wired,1
drill,1
freeLass,1
pepeCD,1
phantom,1
banta,1
init,1
alr,1
DONDA,2
omegalull,1
words,1
-anter,1
comethazime,1
ZyzzBass,2
????????????/,1
o.O,1
cringefrogs,1
RHYMING=RAPPING,1
LMFAOOOOOOOO,1
coke,1
RAPPING,2
Shameless,1
kanye,1
who?,1
nymn,1
donda,2
bants,1
That's,1
LEFT?,1
yoo,1
bUrself,1
kek,1
Fanta,6
Sending,1
Signal,1
"FR,",1
KANYE,1
WHO???,1
KanyePls,2
KEKWWWW,1
WENT,1
BTW,1
gunshots,1
OHHH,1
Haaaahhh,1
LEFT????,1
Left?,2
@morrissingss,1
*goes,1
right*,1
songs,1
OTHER,1
disturbing,1
Wait..,1
milk,1
milkers,1
MILK,1
WEST,4
earth,1
noddy_twice,1
GUNSHOT,1
dumb,1
AK-47,1
.....,1
bbreadPepeD,1
shieet,2
call_me_hand,1
ggxCheer,1
waddup,1
bouncing,1
trampoline,1
AK47,2
greyyy,1
hairszz,1
AYO,1
Summit's,1
Pit!,1
GYATT,1
braincells,1
dissapearing,1
longer,1
superspicious,1
mwkSway,2
mwkDance,2
wjat,1
AYEE,1
lamonting,1
mirrored,1
greeGODONDA,1
neutral_face,1
BOOB,1
NPC's,1
booba!!,1
Jesus,2
lawd,1
water..lol,1
"booty,",1
rewind,1
SOCIAL,1
ANXIETY,1
donda?,1
ahtens,1
zoot/??,1
siuuuuuuuuu,1
pepeBASSvJammies,1
pepeBASSJammies,2
"""booba""",1
andele,1
FUTO,1
"HUHH,",1
"YUHH,",1
"WHATT,",1
HEYYY,1
JAM,1
Chatting,1
blasting???,1
Ayeeee,1
athenz?,1
zoot??,1
cooksuXt1,2
BLASTING,1
QUIET,1
STREETS,1
LOLL,1
xqcOld,1
PLZ,1
RAP,3
LEANERS,2
blasting,1
beats,1
@mxstro_,1
second,2
hood,1
EVERY,1
COMPACT,2
HATCHBACK,1
TRUCKS,1
gimble,2
quite,1
aesthetic,1
PepegaPhone,1
street,1
cats,1
griekeland,1
graffiti,1
trash,1
foxxGasm,1
:handshake:,1
again!,1
freestyle,1
turf,1
conzTHOOM,2
props.,1
wuoldnt,1
to.,1
GILF,1
dumbster,1
You’re,1
athens,1
qtcL,1
qtcR,1
hmmm..,1
hahah,1
umm,1
SPEAK,1
ENGLISH,1
PAUSEEEEEEEE,1
NAH,1
UHH,1
ayo,1
Welcome,1
brixton-,1
SR,1
HATCHBACKS,1
moaning,4
uhh,1
zoilWDYM,1
hurts,1
PAUSE,1
Coomer,1
",L0L0L0L0L0L",1
hmm,1
ahahh,1
oooh,1
hmmm,1
uhhh,2
:face_with_raised_eyebrow:,1
pepoJS,2
hahaahaha,1
sadge,2
mitch?,1
MOANING,1
HuRT,1
ayooooooooooo,1
MITCH,4
JONES,4
Loop,1
pepepains,1
forsenFeels,1
HAHAHAHHAAH,1
losGBC,2
DRAKE,1
:muted_speaker::muted_speaker::muted_speaker::muted_speaker:,1
Christ,1
WEAK,1
HURTS,2
CRAZY,1
King,1
von,1
type,1
beat,1
Loool,1
jones?,1
Lmaoooooooooooo,1
knutDance,1
hahahahahahahahha,1
OMEGAUL,1
FART,1
SAdge,1
grimacing_face,1
tummy,7
BROKE,1
HEART,1
fuck.,1
RODGREECE,1
CHAMP,1
DELUXE,2
:grimacing_face:,3
Insane,1
doc,1
humzhRIPBOZO,1
tears,1
Looool,1
Mitch,1
Jones,1
CLB,5
drakes,1
clapped..i,1
cried,1
night,1
fapped..,1
LEVEL,1
*,1
rappin,1
https//scontent.ftbs6-2.fna.fbcdn.net/v/t1.6435-9/242036288_512160833222868_4374810888926330163_n.jpg?_nc_cat=1&ccb=1-5&_nc_sid=0debeb&_nc_ohc=x902f-sP5pgAX8upEcq&_nc_ht=scontent.ftbs6-2.fna&oh=73a794672ede73f341e0609d30939282&oe=616520F8,1
fire,1
squadQ,1
FeelsRainMan,4
fairygirlLaugh,1
fairygirlBaka,1
atpFeelsBeardMan,1
Triing,1
yabbeSAJI,1
mtv,1
awards,1
noooooooooooooooo,1
ey,1
2020Shred,1
rap,1
milonakis,1
VoteYea,1
arc,1
tyler1G,1
tbf,1
Rappers,1
rolling_on_the_floor_laughingrolling_on_the_floor_laughingrolling_on_the_floor_laughingrolling_on_the_floor_laughingrolling_on_the_floor_laughing,1
Depressed,1
segallSad,1
Tell,2
pokimane,1
relatable,1
AYAY,1
OMEGALULl,1
face_with_raised_eyebrow,1
squadHug,1
FrankerZ,3
HALF,1
FIRE,1
THO,1
stummy,1
hury,1
thefor43Hype,1
thefor43KunaiGG,1
JEEP,1
RainTime,3
asleepyRainy,2
fro,1
studio,3
xqcl,1
Elvis,1
CurseLit,1
ed,1
sheeren,1
Collab,1
HAIRCUT,1
greek:smiling_face_with_smiling_eyes:,1
"time,",1
good!:winking_face:,1
Shave,1
NOWWW,1
ET,1
Sadboy,1
MANICURE,1
nos,1
GGO,1
BALD,1
heart,1
fresh,1
son,1
NOWWWWW,1
FEMB,1
manicure,1
pedicure,1
yrd,1
Morning,1
TwitchLit,1
VirtualHug,1
azan,1
mani,1
pedi,1
STUDIO,3
massage,1
NOW?,1
lay,1
tracks,1
:broken_heart:,1
quickie,1
"""MY",1
TUMMY,2
"HEARTS""",1
AlienDance,1
SHET,1
stu,2
brotha,1
Poki,1
Yikes,1
Jam,1
bruhhh,1
bru,1
AYY,1
WILDIN,1
RE,1
@green_horse223,1
FrankenShady,1
heeeyy!,1
OhMyDog,8
stankk,1
"Bro,",1
middle.,1
cheers,1
Debbie,1
cheeky38Love,1
BOG,1
real..mans,1
cyrYish,1
CERTIFIED,1
LOVER,1
MEGALUL',1
GRID,1
hotel?,1
WOOF,1
DOG..,1
harrL,1
Cheer100,1
GAINZ,1
DogChamp,1
summit,1
there?,1
NMPls,1
All,1
defo,1
retard,1
grid,2
MOnkaW,1
DMX,1
WOLF,1
TYPED,1
badly,1
"roof,",1
YUUUUUUUUUUH,1
Summit,1
losDababy,1
Lordy,1
lordt,1
powerwalk,1
AYEEE,1
lord,1
DAM,1
OMEGALULU,1
PAUSEEE,1
deep?,1
numb,1
freeze,1
